System Name,School Name,Administrator,Physical Address,,,,Phone,Website,Grade Range
,,,Street,City,State,ZIP Code,,,
Adullam House Christian Academy,Adullam House Christian Academy,,7469 Georgia Rd,Wetumpka,AL,36092,334.478.3888,www.adullamhouseca.org,
Adullam House Christian Academy,Adullam House Christian Academy,,7469 Georgia Rd,Wetumpka,AL,36092,334.478.3888,www.adullamhouseca.org,
"Auburn Classical Academy, Inc.","Auburn Classical Academy, Inc.",,445 Shelton Mill Rd,Auburn,AL,36830,334.821.7081,www.auburnclassicalacademy.com,
"Auburn Classical Academy, Inc.","Auburn Classical Academy, Inc.",Information ACA,1901-B Waverly Parkway,Opelika,AL,36801,334.821.7081,www.auburnclassicalacademy.com,OK-08
Birmingham Catholic Schools,Birmingham Catholic Schools,,2121 Third Avenue North,Birmingham,AL,35203,205.838.8303,,
Birmingham Catholic Schools,Catholic High School-Huntsville,Jeremiah Russell,7301 Old Madison Pike,Huntsville,AL,35806,256.430.1760,www.jp2falcons.org,12-Sep
Birmingham Catholic Schools,Holy Family Cristo Rey High School,Berkan Alec Ciger,1832 Center Way South,Birmingham,AL,35205,205.287.9937,www.hfcristorey.org,12-Sep
Birmingham Catholic Schools,Holy Family Cristo Rey High School,Kaleb O Moode,1832 Center Way South,Birmingham,AL,35205,205.287.9937,www.hfcristorey.org,12-Sep
Birmingham Catholic Schools,Holy Family Cristo Rey High School,Kenneth Hunter Wolfe,1832 Center Way South,Birmingham,AL,35205,205.287.9937,www.hfcristorey.org,12-Sep
Birmingham Catholic Schools,Holy Family Cristo Rey High School,Berkan Alec Ciger,1832 Center Way South,Birmingham,AL,35205,205.287.9937,www.hfcristorey.org,12-Sep
Birmingham Catholic Schools,Holy Family Cristo Rey High School,Kaleb O Moode,1832 Center Way South,Birmingham,AL,35205,205.287.9937,www.hfcristorey.org,12-Sep
Birmingham Catholic Schools,Holy Family Cristo Rey High School,Kenneth Hunter Wolfe,1832 Center Way South,Birmingham,AL,35205,205.287.9937,www.hfcristorey.org,12-Sep
Birmingham Catholic Schools,Holy Family Cristo Rey High School,Berkan Alec Ciger,1832 Center Way South,Birmingham,AL,35205,205.287.9937,www.hfcristorey.org,12-Sep
Birmingham Catholic Schools,Holy Family Cristo Rey High School,Kaleb O Moode,1832 Center Way South,Birmingham,AL,35205,205.287.9937,www.hfcristorey.org,12-Sep
Birmingham Catholic Schools,Holy Family Cristo Rey High School,Kenneth Hunter Wolfe,1832 Center Way South,Birmingham,AL,35205,205.287.9937,www.hfcristorey.org,12-Sep
Birmingham Catholic Schools,Holy Family Regional School,James Bell,2300 Beasley Ave NW,Huntsville,AL,35816-4004,256.539.5221,www.holy-family-school.com,PK-08
Birmingham Catholic Schools,Holy Spirit High School,Jonathan Loper,601 James I Harrison Jr Pkwy E,Tuscaloosa,AL,35405-3208,205.553.5606,www.holyspirit-al.com,12-Jun
Birmingham Catholic Schools,Holy Spirit Regional School,Susan Judith Fletcher,619 Airport Rd SW,Huntsville,AL,35802-4358,256.881.4852,www.hstigers.org,PK-08
Birmingham Catholic Schools,Holy Spirit Regional School,Regina Duffy,619 Airport Rd SW,Huntsville,AL,35802-4358,256.881.4852,www.hstigers.org,PK-08
Birmingham Catholic Schools,Holy Spirit Regional School,Susan Judith Fletcher,619 Airport Rd SW,Huntsville,AL,35802-4358,256.881.4852,www.hstigers.org,PK-08
Birmingham Catholic Schools,Holy Spirit Regional School,Regina Duffy,619 Airport Rd SW,Huntsville,AL,35802-4358,256.881.4852,www.hstigers.org,PK-08
Birmingham Catholic Schools,John Carroll Catholic High School,Michael William Bouton,300 Lakeshore Parkway,Birmingham,AL,35209-7114,205.940.2400,www.jcchs.org,12-Sep
Birmingham Catholic Schools,John Carroll Catholic High School,Banyon John Allison,300 Lakeshore Parkway,Birmingham,AL,35209-7114,205.940.2400,www.jcchs.org,12-Sep
Birmingham Catholic Schools,John Carroll Catholic High School,Katherine Scarlett King,300 Lakeshore Parkway,Birmingham,AL,35209-7114,205.940.2400,www.jcchs.org,12-Sep
Birmingham Catholic Schools,John Carroll Catholic High School,Ronald Steele,300 Lakeshore Parkway,Birmingham,AL,35209-7114,205.940.2400,www.jcchs.org,12-Sep
Birmingham Catholic Schools,John Carroll Catholic High School,Michael William Bouton,300 Lakeshore Parkway,Birmingham,AL,35209-7114,205.940.2400,www.jcchs.org,12-Sep
Birmingham Catholic Schools,John Carroll Catholic High School,Banyon John Allison,300 Lakeshore Parkway,Birmingham,AL,35209-7114,205.940.2400,www.jcchs.org,12-Sep
Birmingham Catholic Schools,John Carroll Catholic High School,Katherine Scarlett King,300 Lakeshore Parkway,Birmingham,AL,35209-7114,205.940.2400,www.jcchs.org,12-Sep
Birmingham Catholic Schools,John Carroll Catholic High School,Ronald Steele,300 Lakeshore Parkway,Birmingham,AL,35209-7114,205.940.2400,www.jcchs.org,12-Sep
Birmingham Catholic Schools,John Carroll Catholic High School,Michael William Bouton,300 Lakeshore Parkway,Birmingham,AL,35209-7114,205.940.2400,www.jcchs.org,12-Sep
Birmingham Catholic Schools,John Carroll Catholic High School,Banyon John Allison,300 Lakeshore Parkway,Birmingham,AL,35209-7114,205.940.2400,www.jcchs.org,12-Sep
Birmingham Catholic Schools,John Carroll Catholic High School,Katherine Scarlett King,300 Lakeshore Parkway,Birmingham,AL,35209-7114,205.940.2400,www.jcchs.org,12-Sep
Birmingham Catholic Schools,John Carroll Catholic High School,Ronald Steele,300 Lakeshore Parkway,Birmingham,AL,35209-7114,205.940.2400,www.jcchs.org,12-Sep
Birmingham Catholic Schools,John Carroll Catholic High School,Michael William Bouton,300 Lakeshore Parkway,Birmingham,AL,35209-7114,205.940.2400,www.jcchs.org,12-Sep
Birmingham Catholic Schools,John Carroll Catholic High School,Banyon John Allison,300 Lakeshore Parkway,Birmingham,AL,35209-7114,205.940.2400,www.jcchs.org,12-Sep
Birmingham Catholic Schools,John Carroll Catholic High School,Katherine Scarlett King,300 Lakeshore Parkway,Birmingham,AL,35209-7114,205.940.2400,www.jcchs.org,12-Sep
Birmingham Catholic Schools,John Carroll Catholic High School,Ronald Steele,300 Lakeshore Parkway,Birmingham,AL,35209-7114,205.940.2400,www.jcchs.org,12-Sep
Birmingham Catholic Schools,Our Lady Of Sorrows School,Mary Ragusa Dorn,1720 Oxmoor Rd,Homewood,AL,35209-4097,205.879.3237,olsschool.com,OK-08
Birmingham Catholic Schools,Our Lady Of The Valley Sch,Andrew Richard Rothery,5510 Double Oak Lane,Birmingham,AL,35242-3513,205.991.5963,www.olvbirmingham.com,PK-08
Birmingham Catholic Schools,Prince Of Peace Catholic School,CONNIE JUDGE ANGSTADT,4650 Preserve Parkway,Hoover,AL,35226,205.824.7886,www.popcatholic.net,PK-08
Birmingham Catholic Schools,Sacred Heart School,Shawna Norman,112 2nd Ave SE,Cullman,AL,35055,256.734.4563,shscullman.com,PK-06
Birmingham Catholic Schools,St Ann Catholic School,Kenneth Joseph Rolling,3910 A Spring Avenue,Decatur,AL,35603,256.353.6543,www.saintanndecatur.org,PK-08
Birmingham Catholic Schools,St Ann Catholic School,Catherine Jan Gile,3910 A Spring Avenue,Decatur,AL,35603,256.353.6543,www.saintanndecatur.org,PK-08
Birmingham Catholic Schools,St Ann Catholic School,Kenneth Joseph Rolling,3910 A Spring Avenue,Decatur,AL,35603,256.353.6543,www.saintanndecatur.org,PK-08
Birmingham Catholic Schools,St Ann Catholic School,Catherine Jan Gile,3910 A Spring Avenue,Decatur,AL,35603,256.353.6543,www.saintanndecatur.org,PK-08
Birmingham Catholic Schools,St Francis Xavier,Mary Paige Griffin,2 Xavier Circle,Birmingham,AL,35213,205.817.1687,www.sfxcatholic.com,PK-08
Birmingham Catholic Schools,St James Catholic School,John Francis Parker,511 Ewing Ave.,Gadsden,AL,35901-2564,256.546.0132,stjamesgadsden.org,PK-08
Birmingham Catholic Schools,St John The Baptist Catholic,Sheryl Brown Lewis,1057 Hughes Rd,Madison,AL,35758,256.722.0772,www.stjohnb.com,PK-08
Birmingham Catholic Schools,St John The Baptist Catholic,Brandi Anne Lumley,1057 Hughes Rd,Madison,AL,35758,256.722.0772,www.stjohnb.com,PK-08
Birmingham Catholic Schools,St John The Baptist Catholic,Sheryl Brown Lewis,1057 Hughes Rd,Madison,AL,35758,256.722.0772,www.stjohnb.com,PK-08
Birmingham Catholic Schools,St John The Baptist Catholic,Brandi Anne Lumley,1057 Hughes Rd,Madison,AL,35758,256.722.0772,www.stjohnb.com,PK-08
Birmingham Catholic Schools,St Joseph Regional Catholic School,Courtney Magee,115 Plum St,Florence,AL,35630-4877,256.766.1923,www.catholichill.com,PK-08
Birmingham Catholic Schools,St Peters Child Development Center,Kristina Wildsmith,2061 Patton Chapel Rd,Birmingham,AL,35216,,,PK-PK
Birmingham Catholic Schools,Tuscaloosa Holy Spirit Elementary School ,Joshua Saibini,711 James I Harrison Jr Pkwy E,Tuscaloosa,AL,35405-3209,205.553.9630,www.holyspirit-al.com,PK-05
Coosa Valley Academy,Coosa Valley Academy,,163 Park St,Harpersville,AL,35078,,Not Supplied,
Coosa Valley Academy,Coosa Valley Academy,Pamela Batchelor Lovelady,163 Park St,Harpersville,AL,35078,205.672.7326,coosavalleyacademy.org,PK-12
John T Morgan Academy,John T Morgan Academy,,2901 West Dallas Avenue,Selma,AL,36701-2650,334.875.4464,www.morganacademy.com,
John T Morgan Academy,John T Morgan Academy,Karim P Oaks,2901 West Dallas Avenue,Selma,AL,36701,334.875.4464,www.jtmorganacademy.org,OK-12
John T Morgan Academy,John T Morgan Academy,Bryan Oliver,2901 West Dallas Avenue,Selma,AL,36701,334.875.4464,www.jtmorganacademy.org,OK-12
John T Morgan Academy,John T Morgan Academy,Karim P Oaks,2901 West Dallas Avenue,Selma,AL,36701,334.875.4464,www.jtmorganacademy.org,OK-12
John T Morgan Academy,John T Morgan Academy,Bryan Oliver,2901 West Dallas Avenue,Selma,AL,36701,334.875.4464,www.jtmorganacademy.org,OK-12
Mobile Catholic Schools,Mobile Catholic Schools,Gwen Byrd,352 Government St,Mobile,AL,36602,,,
Mobile Catholic Schools,Christ The King School,,1503 Main St,Daphne,AL,36526,251.626.1692,www.ctkcsdaphne.org,PK-08
Mobile Catholic Schools,Corpus Christi School,Kristy F Martin,6300 McKenna Dr,Mobile,Al,36608-3899,251.342.5474,school.corpuschristiparish.com,PK-08
Mobile Catholic Schools,Heart Of Mary,Ronald Peter Horner,310 Sengstak St,Mobile,AL,36603,251.432.5270,,
Mobile Catholic Schools,Little Flower Catholic School,Alesa Ann Weiskopf,2103 Government St,Mobile,AL,36606,125.147.9576,www.littleflowerschool.cc,OK-08
Mobile Catholic Schools,McGill-Toolen High School,Michelle T Haas,1501 Old Shell Rd,Mobile,AL,36604,251.445.2900,mcgill-toolen.org,12-Sep
Mobile Catholic Schools,Montgomery Catholic Preparatory School - High School Campus,Justin Castanza,5350 Vaughn Road,Montgomery,AL,36116-1153,334.272.7220,www.montgomerycatholic.org,12-Sep
Mobile Catholic Schools,Montgomery Catholic Preparatory School - Holy Spirit Campus,Justin Castanza,8580 Vaughn Road,Montgomery,AL,36117,334.649.4404,www.montgomerycatholic.org,PK-06
Mobile Catholic Schools,Montgomery Catholic Preparatory School - Middle School Campus,Justin Castanza,5350 Vaughn Road,Montgomery,AL,36116,334.272.2465,www.montgomerycatholic.org,8-Jul
Mobile Catholic Schools,Montgomery Catholic Preparatory School - St Bede Campus,Justin Castanza,3850 Atlanta Highway,Montgomery,AL,36109,334.272.3033,www.montgomerycatholic.org,PK-06
Mobile Catholic Schools,Most Pure Heart Of Mary Sch,Jamie Crain,310 Sengstak St,Mobile,AL,36603,251.432.5270,www.heartofmaryschoolmobile.org,PK-08
Mobile Catholic Schools,Mother Mary School,Cecelia Harrison,318 Seale Rd,Phenix City,AL,36869-6912,334.298.6371,www.mothermaryschool.org,PK-08
Mobile Catholic Schools,Resurrection Catholic School,Gail Trippett,2815 Forbes Drive,Montgomery,AL,36110,334.230.1970,www.rcs-rcmsouth.org,PK-08
Mobile Catholic Schools,St Benedict School,Kathleen S. McCool,12786  Illinois St,Elberta,AL,36530,251.986.8143,www.saintbenedict.net,OK-08
Mobile Catholic Schools,St Dominic School,Laurie S Michener,4160 Burma Rd,Mobile,AL,36693-4499,251.661.5226,www.stdominicmobile.org,OK-08
Mobile Catholic Schools,St Ignatius School,Tori Y Miller,3650 Springhill Ave,Mobile,Al,36608,251.342.5442,3650 Springhill Avenue,OK-08
Mobile Catholic Schools,St Jude Educational Inst,Wanda S. Twitty,2048 W Fairview Ave,Montgomery,AL,0,334.264.5376,info@stjudeei.org,12-Jul
Mobile Catholic Schools,St Jude High School,Mary Beth Kubera,2048 W Fairview Ave,Montgomery,AL,0,,,12-Sep
Mobile Catholic Schools,St Mary School,Deborah Dolan Ollis,107 N Lafayette St,Mobile,AL,36604,251.433.9904,www.stmarymobile.org,OK-08
Mobile Catholic Schools,St Patrick's School,Margaret Mary Harte,23070 Hwy 59 N,Robertsdale,AL,36567,251.947.7395,school.stpatcatholic.com,OK-08
Mobile Catholic Schools,St Pius X School,Lauren Keller Lalvarez@mobarch.org,217 S Sage Ave,Mobile,AL,36606,251.473.5004,www.stpiustenth.com,PK-08
Mobile Catholic Schools,St. Michael Catholic High School,Faustin Weber,11732 Higbee Road,Fairhope,AL,36532,251.459.0210,www.stmichaelschs.org,12-Sep
Mobile Catholic Schools,St. Michael Catholic Preschool,Erika Bader,1100 N. College St.,Auburn,AL,36830,334.887.5540,www.stmichaelsauburn.com,PK-04
"Montessori School at Hampstead, Inc.","Montessori School at Hampstead, Inc.",,"5251 Hampstead high St., Ste. 111",Montgomery,AL,36116,334.356.1969,www.mshmontgomery.org,
"Montessori School at Hampstead, Inc.","Montessori School at Hampstead, Inc.",Joshua Whitman,"5251 Hampstead high St., Ste. 111",Montgomery,AL,36116,334.356.1969,www.mshmontgomery.org,PK-09
Omnia Classical School,Omnia Classical School,,501 Rice Valley Rd,Tuscaloosa,AL,35406,205.758.5502,www.riverwoodclassical.org,
Omnia Classical School,Omnia Classical School,Valerie Morris,14611 Old Greensboro,Tuscaloosa,AL,35405,205.752.1284,www.omniaclassical.org,
Omnia Classical School,Omnia Classical School,Kimberly Staggs,14611 Old Greensboro,Tuscaloosa,AL,35405,205.752.1284,www.omniaclassical.org,
Omnia Classical School,Omnia Classical School,Valerie Morris,14611 Old Greensboro,Tuscaloosa,AL,35405,205.752.1284,www.omniaclassical.org,
Omnia Classical School,Omnia Classical School,Kimberly Staggs,14611 Old Greensboro,Tuscaloosa,AL,35405,205.752.1284,www.omniaclassical.org,
Private Schools,Abbeville Christian Academy,Ginger R. Webster,258 M L Tillis Drive,Abbeville,AL,36310-0009,334.585.5100,www.acagenerals.org,PK-12
Private Schools,ABC Kindergarten,,3618 Oak Tree Drive,Semmes,AL,36575-    ,251.649.4844,,5-Mar
Private Schools,Acts Academy,Earl Bryant,316 Fob James Dr,Valley,AL,36854,334.576.4975,,OK-12
Private Schools,Advent Episcopal Day School,Margaret Claire Vaughn,2019 6th Ave N,Birmingham,AL,35203-2790,205.252.2535,www.adventepiscopalschool.org,PK-08
Private Schools,AL-Iman Academy of Mobile,Husam A Omar,63 East Drive,Mobile,AL,36608,251.605.6745,www.islamicsocietyofmobile.com,PK-12
Private Schools,Alabama Baptist Children's Home,Bobby Joe Smith,6512 Grelot Road,Mobile,AL,36695,251.639.1022,www.nonesupplied.com,
Private Schools,Alabama Career Education & Life Skills Center,J. Vincent Brown,"2341 Pearson Ave, SW",Birmingham,AL,35211,832.445.6404,www.nonesupplied.com,12-Sep
Private Schools,Alabama Christian Academy,Misty Overman,4700 Wares Ferry Rd,Montgomery,AL,36109-3317,334.277.1985,www.alabamachristian.com,PK-12
Private Schools,Alabama Christian Education Association,,P O Box 559,Gardendale,AL,35071,205.631.3000,www.alabamachristianed.com,
Private Schools,Alabama Gulf Coast Christian Academy,Thad Van Butts,18930 County Rd 28,Foley,AL,36535,251.989.2333,www.gccacademy.com,PK-12
Private Schools,Alabama State University Zelia Stephens Early Childhood Center ,Gloria Moorer-Johnson,1100 Tuscaloosa St ,Montgomery,AL,36104,334.229.4471,http://www.teacherweb.com/AL/ZeilaStephensEarlyChildhoodCenter/MrsGloriaMoorer-Johnson/h0.stm,PK-03
Private Schools,Alabama Waldorf School,Lisa Grupe,5901 Crestwood Blvd,Birmingham,AL,35212,205.592.0541,www.alabamawaldorf.org,PK-08
Private Schools,Aldersgate Weekday Children's Ministry Preschool,,6610 Vaughn Road,Montgomery,AL,36116-    ,334.277.0880,www.aldersgateumc.org/weekday-childrens-ministry,PK-PK
Private Schools,All Saint's Episcopal Sch,Katherine K Walsh,112 W Hawthorne Rd,Birmingham,AL,0,,,
Private Schools,American Christian Academy,Dan Carden,2300 Veterans Memorial Pkway,Tuscaloosa,AL,35404,205.553.5963,www.acacademy.com,PK-12
Private Schools,Angela Davis Christian Academy,Freddie Lee Davis,166 Meaher Street,Prichard,AL,36610,,,PK-06
Private Schools,Aoh Christian School,Juanita Arrington,P O Box 6238,Mobile,AL,0,,,
Private Schools,Apple Academy,Marsha Aloise Hill,5110 County Road 83,Centre,AL,35960-    ,256.557.9701,,PK-06
Private Schools,Arc Of Shelby County,Karen Stokes,1960 H Chandalar Drive,Pelham,AL,35124,,,
Private Schools,Arlington School,Deborah Petitto,1312 22nd St S,Birmingham,AL,35205-4108,205.939.3665,http://www.arlingtonschool.net,12-Jun
Private Schools,Ascension Episcopal Kindergarten,Jerrie Elliott,1912 Canyon Rd,Vestavia Hills,AL,0,,,PK-OK
Private Schools,Ascension Leadership Academy at the Presbyterian Home for Children,Linda Harris,130 North Street E,Talladega,Al,35160,256.362.4314,phfc.org,OK-12
Private Schools,Ashford Academy,,1100 N Broadway St,Ashford,AL,36312,334.899.3286,aafalcons.net,PK-12
Private Schools,Athens Bible School,Gayle Ruth Hagewood,700 U.S. Highway 31 North,Athens,AL,35611-5001,256.232.5478,www.athensbibleschool.org,PK-12
Private Schools,Athens Bible School,Randall Lunsford Adams,700 U.S. Highway 31 North,Athens,AL,35611-5001,256.232.5478,www.athensbibleschool.org,PK-12
Private Schools,Athens Bible School,CHRISTOPHER TODD DUKE,700 U.S. Highway 31 North,Athens,AL,35611-5001,256.232.5478,www.athensbibleschool.org,PK-12
Private Schools,Athens Bible School,Gayle Ruth Hagewood,700 U.S. Highway 31 North,Athens,AL,35611-5001,256.232.5478,www.athensbibleschool.org,PK-12
Private Schools,Athens Bible School,Randall Lunsford Adams,700 U.S. Highway 31 North,Athens,AL,35611-5001,256.232.5478,www.athensbibleschool.org,PK-12
Private Schools,Athens Bible School,CHRISTOPHER TODD DUKE,700 U.S. Highway 31 North,Athens,AL,35611-5001,256.232.5478,www.athensbibleschool.org,PK-12
Private Schools,Athens Bible School,Gayle Ruth Hagewood,700 U.S. Highway 31 North,Athens,AL,35611-5001,256.232.5478,www.athensbibleschool.org,PK-12
Private Schools,Athens Bible School,Randall Lunsford Adams,700 U.S. Highway 31 North,Athens,AL,35611-5001,256.232.5478,www.athensbibleschool.org,PK-12
Private Schools,Athens Bible School,CHRISTOPHER TODD DUKE,700 U.S. Highway 31 North,Athens,AL,35611-5001,256.232.5478,www.athensbibleschool.org,PK-12
Private Schools,Atmore Christian School,Goldie Huber,245 Tennant Drive,Atmore,AL,0,,,
Private Schools,Auburn Montessori School - The Children's House,Charlene Y Kam,231 East Drake Ave,Auburn,AL,36832,334.740.6192,www.auburnmontessorischool.org,PK-PK
Private Schools,Autauga Academy,LARRY PICKETT,497 Golson Rd,Prattville,AL,36067-9702,334.365.4343,www.autaugaacademy.com,PK-12
Private Schools,AWAKE Community School,,222 6th Avenue SW,Birmingham,AL,35211-    ,205.660.0302,www.Awakecs.org,OK-05
Private Schools,Azalea City Christian,,3550 Schillingers Road N,Semmes,AL,36575,251.649.5437,www.nonesupplied.com,
Private Schools,Banks Academy,,8301 8th Avenue South,Birmingham,AL,35206,205.834.5433,www.banksacademy.org,
Private Schools,Bayshore Christian School,Mark .X. Cox,23050 U S Hwy 98,Fairhope,AL,36532,251.929.0011,www.nonesupplied.com,
Private Schools,Bayside Academy,Michael Papa,303 Dryer Avenue,Daphne,AL,0,251.338.6300,www.baysideacademy.org,PK-12
Private Schools,Bessemer Academy,Julie Fuller Kelly,1705 4th Ave SW,Bessemer,AL,35022,205.428.6288,www.bessemeracademy.com,PK-12
Private Schools,Bethany Christian Academy,Victor Waller,1765 Highland Avenue,Montgomery,AL,36107,,,
Private Schools,Bethany Day Care - Kindergarten,Addie Myrick,714 Cedar St,Montgomery,AL,0,,,PK-OK
Private Schools,Bethel Baptist Church CDC,Carolyne K McCall,1637 Pearson Avenue SW,Birmingham,AL,35211,205.923.8363,www.nonesupplied.com,PK-PK
Private Schools,Bethel Baptist School,Janis Wells,1301 Bethel Road North E,Hartselle,AL,0,256.773.2154,,
Private Schools,Bethel Christian Academy ,April Lynn Wilson,3257 E. Cottonwood Road,Dothan,AL,36301,334.671.1567,www.bcadothan.org,PK-10
Private Schools,Bethlehem Child Developement Center,Liz King,416 Bethlehem Road,Midland City,AL,36350,,,
Private Schools,Bethlehem Christian Academy,,1936 Elkwood Section Road,Hazel Green,AL,35750,256.828.4835,www.bethlehemchristianacademy.net,PK-10
Private Schools,Better Life Christian Academy,Sandra Boutwell,8020-C Moffett Road,Semmes,AL,36575,251.649.4006,www.nonesupplied.com,
Private Schools,Bible Methodist Christian School,,1355 Chula Vista Drive,Pell City,AL,0,205.338.3012,https:// bmcschool.org,OK-12
Private Schools,Bible Way Christian Academy,Ellen Garrison,8224 County Road 36,Snead,AL,35952,,,
Private Schools,Big Cove Christian Academy,Rachel Wiegand,6354 Highway 431 S,Owens Cross Roads,AL,35763-9210,256.518.9642,,OK-09
Private Schools,Birmingham Institute Church,,9825 Bear Creek Rd Hwy 43,Sterrett,AL,35147,205.674.7647,,PK-12
Private Schools,Bluff Park United Methodist Church,Joan Landrum,733 Valley Street,Hoover,AL,35226,205.822.0910,www.nonesupplied.com,
Private Schools,Bradford Health Service - Madison,Nonnie Ann Eady,1600 Browns Ferry Road,Madison,AL,0,,,12-Jul
Private Schools,Break Through,Sawaski Jackson,20 Marshall Street,Montgomery,AL,36104,,,12-Jul
Private Schools,Briarwood Christian School,Gus Martin,6255 Cahaba Valley Rd,Birmingham,AL,0,205.776.5902,www.bcsk12.org,PK-12
Private Schools,Bright Academy,Regina Carson Englund,3590 Pleasant Valley Road,Mobile,AL,36609,251.525.9102,www.brightdyslexics.com,10-Jan
Private Schools,Brooklane Baptist Academy,,160 Brooklane Dr.,Hueytown,AL,35023,205.497.0967,BrooklaneBaptistAcademy.com,
Private Schools,Build UP,Mark Martin,1402 Avenue E,Birmingham,AL,35218,205.847.4086,www.buildup.work,12-Sep
Private Schools,Cahaba School,Debbie Minor Minor,3821 Lorna Road Suite 118-120,Hoover,AL,35244,,,12-Oct
Private Schools,Cahawba Christian Academy,Shelley Rea Burke-Attebery,2415 Montevallo Rd,Centreville,AL,0,205.926.4676,www.cahawbachristianacademy.com,PK-12
Private Schools,Calera Christian School,Kathy Graham Lawley,P O Box 1610,Calera,AL,0,,,
Private Schools,Calvary Baptist Academy,,126 Douglass Road NW,Huntsville,AL,35806-    ,256.721.1658,www.cbahuntsville.org,OK-12
Private Schools,Calvary Christian School,Beth Edwards,6800 Three Notch Rd,Mobile,AL,36619-1699,334.660.1951,,PK-05
Private Schools,Camellia Baptist Weekday Education Ministry,Tracy Autrey,201 Woodvale Road,Prattville,AL,36067,,,
Private Schools,Canterbury Technical Academy,Dianne Causey,2005-B North Country Club,Montgomery,AL,0,334.834.2273,,12-Sep
Private Schools,Capstone Christian Academy,Shelia Jennings,1003 Industrial Park Blvd,Piedmont,AL,36272,,,
Private Schools,Care To Learn School,Mary Van Hooser,PO Box 2374,Madison,AL,35758-5420,,,
Private Schools,Carriage Hills Kindergarten,Kathryn Nelson,1565 Ray Thorington Road,Montgomery,AL,36117,,,PK-OK
Private Schools,Cathedral Academy,Brent Keith,1201 Primrose Terrace,Selma,AL,36701,334.872.9997,,OK-12
Private Schools,Cathedral Christian Sch,Rick Spiker,1401 Huffman Rd,Birmingham,AL,0,,,PK-08
Private Schools,Cedar Grove Preparatory Academy Inc,Emily W Johnson,809 Seminary St,Prichard,AL,0,,,12-Jun
Private Schools,Central Baptist,Teresa A Glass,998 Dauphin Island Pkwy,Mobile,AL,0,,,OK-12
Private Schools,Central Christian,Daniel Timothy Shelton,17395 State Highway 104,Robertsdale,AL,36567-7052,251.947.5043,www.ccssaints.com,
Private Schools,Central Christian School,Aaron Carpenter,PO Box 184,Dixons Mill,AL,36736,334.992.2351,www.nonesupplied.com,
Private Schools,Central Park Christian Sch,Nikita D Williams,1900 43Rd St W,Birmingham,AL,35208-3309,205.786.4811,http://www.centralparkchristianschool.com,OK-12
Private Schools,Chambers Academy,John Mehaffey,15048 US Highway 431,Lafayette,AL,36862-5451,334.864.9852,www.chambersacademy.com,PK-12
Private Schools,Chapman Christian Academy,,4711 Chapman Road,Millbrook,AL,36054,334.285.5354,www.nonesupplied.com,
Private Schools,Chilton Christian Academy,Donald Jones,23240 Hwy 31,Jemison,AL,35085,,,PK-12
Private Schools,Chrysalis Academy,Andrea Trehern,439 Azalea Road,Mobile,AL,36541,251.423.4102,,8-Jan
Private Schools,Churchill Academy Montgomery Montessori,Lisa Hanlon Schroeder,395 Ray Thorington Road,Montgomery,AL,36117-8486,334.270.4225,www.churchillacademy.net,OK-12
Private Schools,Clarke Prep School,Doug Bradford,20100 Highway 43,Grove Hill,AL,36451-4102,251.275.8576,www.clarkeprepschool.us,PK-12
Private Schools,Clay County Christian Academy,David Lynn Haynes,37993 Highway 77,Ashland,AL,36251,256.354.7778,www.ccca.us,PK-12
Private Schools,Clearly Kids Christian Academy,Denise Heath,8051 Glenn Road,Trussville,AL,35173,205.661.1030,www.nonesupplied.com,
Private Schools,Collegedale Christian School,Sylvia Grissett,701 Collegedale Avenue,Troy,AL,0,,,
Private Schools,Columbus Girls Academy,Kimberly Ann Blank,14 Motts Drive,Seale,AL,36875,334.855.3695,www.christianschoolforgirls.com,12-Jun
Private Schools,Community Action Partnership,Leroy Gradford,P O Box 3975,Huntsville,AL,0,256.851.9800,,PK-PK
Private Schools,Community Action Partnership Of Alabama,Linda Vest,1909 Central Parkway Sw,Decatur,AL,35601,,,
Private Schools,Conecuh Springs Christian School,Mona Elizabeth Padgett,220 Hicks Industrial Blvd,Union Springs,AL,36089,334.738.4800,www.conecuhsprings.com,PK-12
Private Schools,Coosa Christian School,Amanda Davidson Justus,2736 Wills Creek Road,Gadsden,AL,35904,256.547.1841,coosachristian.com,PK-12
Private Schools,Cornerstone Christian Academy,,"1600 McCurdy Avenue, N.",Rainsville,AL,35986-1488,256.638.9311,,PK-09
Private Schools,Cornerstone Christian Academy,Sharon Cox,2885 Choccolocco Rd,Anniston,AL,0,,,12-Jan
Private Schools,Cornerstone Christian Academy,,P. O. Box 1691,Oneonta,AL,0,,,
Private Schools,Cornerstone Christian School,Laurie Ann Porter,24975 Highway 25,Columbiana,AL,35051-3531,205.669.5340,,PK-12
Private Schools,Cornerstone Christian School,,3211 Spring Ave SW,Decatur,AL,35603,256.340.9516,www.cornerstonemin.com,OK-12
Private Schools,Cornerstone Elementary,Julia L Blackerby,118 55th Street North,Birmingham,AL,35212-0309,205.591.7600,www.csalabama.org,PK-12
Private Schools,Cornerstone Elementary,Theresa Frank,118 55th Street North,Birmingham,AL,35212-0309,205.591.7600,www.csalabama.org,PK-12
Private Schools,Cornerstone Elementary,Julia L Blackerby,118 55th Street North,Birmingham,AL,35212-0309,205.591.7600,www.csalabama.org,PK-12
Private Schools,Cornerstone Elementary,Theresa Frank,118 55th Street North,Birmingham,AL,35212-0309,205.591.7600,www.csalabama.org,PK-12
Private Schools,Cornerstone High School,LaToya Seals,980 Huffman Road,Birmingham,AL,35215-    ,205.591.7600,https://csalabama.org/,12-Sep
Private Schools,Cornerstone Middle School,William Alton Sellers,24975 Highway 25,Birmingham,AL,35215,205.591.7600,www.csalabama.org,8-Jun
Private Schools,Cornerstone Schools of Alabama,Nita Carr,PO Box 320309,Birmingham,AL,35232,205.591.7600,www.nonesupplied.com,PK-12
Private Schools,Cottage Hill Christian Academy,,7355 Creekwood Drive,Mobile,AL,36695,251.634.2513,www.chcacademy.org,PK-12
Private Schools,Country Day School,Stacie Lynne Lane,1699 Old Dry Creek Road,Huntsville,AL,35806-1543,256.837.5266,www.country-day.com,PK-08
Private Schools,Covenant Christian Academy,Sylvia Devine,926 Weatherly Road,Huntsville,AL,35803,256.882.3668,www.nonesupplied.com,
Private Schools,Covenant Christian School,Peggy A Hayden,4121 7th Avenue-Wylam,Birmingham,AL,35224,,,
Private Schools,Covenant Christian School,Laura Grice,105 George Wallace Dr,Troy,AL,36081,,,
Private Schools,Covenant Christian School,Bill Deegan,1900 Covenant Drive,Tuscumbia,AL,35674-4750,256.383.4436,www.ccseagles.com,PK-12
Private Schools,Covenant Christian School,Felicia Hall Boren,7150 Hitt Rd,Mobile,AL,36695-4432,251.633.8055,www.covenantschool.com,PK-08
Private Schools,Covenant Christian School,Keith Walden Currie,7150 Hitt Rd,Mobile,AL,36695-4432,251.633.8055,www.covenantschool.com,PK-08
Private Schools,Covenant Christian School,Felicia Hall Boren,7150 Hitt Rd,Mobile,AL,36695-4432,251.633.8055,www.covenantschool.com,PK-08
Private Schools,Covenant Christian School,Keith Walden Currie,7150 Hitt Rd,Mobile,AL,36695-4432,251.633.8055,www.covenantschool.com,PK-08
Private Schools,Covenant Classical School and Daycare,,6590 Husky Parkway,Trussville,AL,35173,205.508.7044,www.ccslion.com,
Private Schools,Covenant Classical School and Daycare,,220 Exchange Place,Huntsville,AL,35806,256.837.5437,www.ccslion.com,
Private Schools,Covenant Classical School and Daycare,,7015 Cabela Drive,Huntsville,AL,35806,256.382.7323,www.ccslion.com,
Private Schools,Covenant Classical School and Daycare,,151 Covenant Way,Homewood,AL,35209,205.968.1255,www.ccslion.com,
Private Schools,Covenant Classical School and Daycare,,420 Huntley Pkwy,Pelham,AL,35124,205.620.2626,www.ccslion.com,
Private Schools,Covenant Classical School and Daycare,,25 Southlake Lane,Birmingham,AL,35244,205.444.5437,www.ccslion.com,
Private Schools,Covenant Classical School and Daycare,,5390 Magnolia Trace,Hoover,AL,35244,205.733.5437,www.ccslion.com,
Private Schools,Covenant School,,1310 St Joseph Drive NW,Cullman,AL,35055,256.739.0505,www.nonesupplied.com,
Private Schools,Creative Beginnings Child Development Center,Ellen Griffin,10128 N Memorial Parkway,Huntsville,AL,35810,,,PK-PK
Private Schools,Creative Montessori Sch Inc,Greg Smith,1650 28th Court S,Homewood,AL,0,,,OK-06
Private Schools,Crenshaw Christian Academy,Gary Dwain Driver,608 Country Club Drive,Luverne,AL,36049-6838,334.335.5749,www.crenshawchristianacademy.com,PK-12
Private Schools,Crittenton Youth Services,Joy Logan,"4367 Downtowner Loop North, Suite D",Mobile,AL,36609,251.639.0004,www.nonesupplied.com,
Private Schools,Cullman Christian School,,1803 Beech Avenue SE,Cullman,AL,35055,256.734.0734,www.cullmanchristian.org ,PK-10
Private Schools,Daisy Academy,Leslie Clare Jones,24316 US Hwy 331,Opp,AL,36467,334.488.4773,DaisysLittleYellowSchoolhouse.blogspot.com,12-Oct
Private Schools,Dale County Christian,Mark Greyson Barker,Hwy 27 E,Ozark,AL,36360-7755,334.774.4127,dccs.ewellbaptist.org,PK-12
Private Schools,Decatur Heritage Christian Academy,Scott Mayo,3802 Spring Avenue SW,Decatur,AL,35603,256.351.4275,www.dhca.org,OK-12
Private Schools,"Developing Alabama Youth (DAY) Foundation, Inc.",Kathy Peinhardt Miller,117 Plaza Circle,Alabaster,AL,35007,205.664.1600,,11-Jul
Private Schools,Dixon Total Touch Child Development Center,,P O Box 10651,Prichard,AL,36610,251.456.5251,www.nonesupplied.com,
Private Schools,Dunnam's Private School Inc,Gail Stubbs Mitchell,811 Glenn Rd,Bessemer,AL,0,,,PK-05
Private Schools,E Birmingham Cogic Christian,Berdis A Blanding,5600 First Avenue North,Birmingham,AL,0,,,PK-05
Private Schools,E Lake United Meth Elem Sch,Naomi Sells,7753 First Avenue S,Birmingham,AL,0,,,OK-05
Private Schools,East Birmingham Church Of God Academy,Peter Wren,5600 First Avenue North,Birmingham,AL,35212,,,
Private Schools,East Memorial Christian Academy,,1320 Old Ridge Rd E,Prattville,AL,36066-1921,334.358.4085,emcawildcats.org,PK-12
Private Schools,East Montgomery Montessori School,Frances Bell,6801 Vaughn Rd,Montgomery,AL,36116-1328,334.272.5097,www.eastmontgomerymontessori.com,
Private Schools,Easten Shore Christian Academy,Ashley Jones,28328 County Road 13,Daphne,AL,36526,251.111.1111,www.nonesupplied.com,
Private Schools,Eastmont Baptist Kindergarten,Sherry Wallace,4505 Atlanta Highway,Montgomery,AL,36109,334.277.6300,,
Private Schools,Eastwood Christian School,,1701 East Trinity Blvd,Montgomery,AL,36106,334.272.8195,www.eastwoodschool.org,PK-12
Private Schools,Edgewood Academy,Jacqulyn Palmer Roberts,5475 Elmore Rd,Elmore,AL,36025-1610,334.567.5102,edgewoodacademy.org,PK-12
Private Schools,Ellwood Christian Academy,,1 Bell Rd,Selma,AL,36701-7732,334.877.1581,,PK-12
Private Schools,Emerald Mountain Christian Sch,Bobbie H Ames,4125 Rifle Range Rd,Wetumpka,AL,36093,334.567.0555,,PK-12
Private Schools,Emmanuel Christian School,Michele Lee Redmond,178 Earline Rd,Dothan,AL,36305-4202,334.792.0935,www.emmanuelchristian.org,PK-12
Private Schools,Emmanuel Christian School,Mark Redmond,178 Earline Rd,Dothan,AL,36305-4202,334.792.0935,www.emmanuelchristian.org,PK-12
Private Schools,Emmanuel Christian School,Michele Lee Redmond,178 Earline Rd,Dothan,AL,36305-4202,334.792.0935,www.emmanuelchristian.org,PK-12
Private Schools,Emmanuel Christian School,Mark Redmond,178 Earline Rd,Dothan,AL,36305-4202,334.792.0935,www.emmanuelchristian.org,PK-12
Private Schools,Emmanuel S D A Jr Academy,Judy Perdella Ross,2000 Dr Martin Luther King Ave,Mobile,AL,0,334.478.1140,,8-Jan
Private Schools,Enterprise Preparatory Academy,Gary Fraiser,1149 James Dr,Enterprise,AL,36331,334.308.1313,,PK-12
Private Schools,Ephesus Academy,Nikkia Hampton,829 McMillon Avenue SW,Birmingham,AL,35211,205.786.2194,,OK-12
Private Schools,Episcopal Day School,Laura McCartney,156 South Ninth St,Gadsden,AL,0,256.546.9071,www.episcopal-day-school.org,PK-12
Private Schools,Escambia Academy,Nancy Newby Deabler,268 Cowpen Creek Rd,Atmore,AL,36502,251.368.2080,escambiaacademy.net,PK-12
Private Schools,Etowah Development Academy,Susan Wilson,PO Box 1172,Gadsden,AL,35902-1172,,,
Private Schools,Evangel Christian Academy,Robert D Johnson,3975 Vaughn Road,Montgomery,AL,36106,334.272.3882,www.ecalions.org,OK-12
Private Schools,Evangel Christian School,James Tillman,1277 Jubilee Road,Saraland,AL,36571,251.675.4619,www.nonesupplied.com,
Private Schools,Evangel Classical Christian School,Pamela Mckee,423 Thompson Road,Alabaster,AL,35007,205.216.0149,www.evangelclassical.org,OK-12
Private Schools,Evangel School,William M Snuggs,P O Box 1670,Alabaster,AL,0,,,
Private Schools,Excel Academy,Deidra J Gopher,1636 Pulaski Pike Suite 2,Huntsville,AL,35810-    ,256.361.3233,https://www.breakingbarrierstvlive.com/excel-academy,PK-03
Private Schools,Exploratorium Academy,Mary Hill Lowe,8449 Crossland Loop Suite 109,Montgomery,AL,36117,334.279.9700,www.hillandloweeducationalservices.org,12-Sep
Private Schools,Faith Academy,JESSICA M. RAPIER,8650 Tanner Williams Rd,Mobile,AL,36608-8318,251.633.7267,,PK-12
Private Schools,Faith Academy,Barry Pickering,8650 Tanner Williams Rd,Mobile,AL,36608-8318,251.633.7267,,PK-12
Private Schools,Faith Academy,Timothy Skelton,8650 Tanner Williams Rd,Mobile,AL,36608-8318,251.633.7267,,PK-12
Private Schools,Faith Academy,GERI W. SIKES,8650 Tanner Williams Rd,Mobile,AL,36608-8318,251.633.7267,,PK-12
Private Schools,Faith Academy,KRISTEL HOY BERGMAN,8650 Tanner Williams Rd,Mobile,AL,36608-8318,251.633.7267,,PK-12
Private Schools,Faith Academy,Richard Wayne Cunningham,8650 Tanner Williams Rd,Mobile,AL,36608-8318,251.633.7267,,PK-12
Private Schools,Faith Academy,JESSICA M. RAPIER,8650 Tanner Williams Rd,Mobile,AL,36608-8318,251.633.7267,,PK-12
Private Schools,Faith Academy,Barry Pickering,8650 Tanner Williams Rd,Mobile,AL,36608-8318,251.633.7267,,PK-12
Private Schools,Faith Academy,Timothy Skelton,8650 Tanner Williams Rd,Mobile,AL,36608-8318,251.633.7267,,PK-12
Private Schools,Faith Academy,GERI W. SIKES,8650 Tanner Williams Rd,Mobile,AL,36608-8318,251.633.7267,,PK-12
Private Schools,Faith Academy,KRISTEL HOY BERGMAN,8650 Tanner Williams Rd,Mobile,AL,36608-8318,251.633.7267,,PK-12
Private Schools,Faith Academy,Richard Wayne Cunningham,8650 Tanner Williams Rd,Mobile,AL,36608-8318,251.633.7267,,PK-12
Private Schools,Faith Academy,JESSICA M. RAPIER,8650 Tanner Williams Rd,Mobile,AL,36608-8318,251.633.7267,,PK-12
Private Schools,Faith Academy,Barry Pickering,8650 Tanner Williams Rd,Mobile,AL,36608-8318,251.633.7267,,PK-12
Private Schools,Faith Academy,Timothy Skelton,8650 Tanner Williams Rd,Mobile,AL,36608-8318,251.633.7267,,PK-12
Private Schools,Faith Academy,GERI W. SIKES,8650 Tanner Williams Rd,Mobile,AL,36608-8318,251.633.7267,,PK-12
Private Schools,Faith Academy,KRISTEL HOY BERGMAN,8650 Tanner Williams Rd,Mobile,AL,36608-8318,251.633.7267,,PK-12
Private Schools,Faith Academy,Richard Wayne Cunningham,8650 Tanner Williams Rd,Mobile,AL,36608-8318,251.633.7267,,PK-12
Private Schools,Faith Academy,JESSICA M. RAPIER,8650 Tanner Williams Rd,Mobile,AL,36608-8318,251.633.7267,,PK-12
Private Schools,Faith Academy,Barry Pickering,8650 Tanner Williams Rd,Mobile,AL,36608-8318,251.633.7267,,PK-12
Private Schools,Faith Academy,Timothy Skelton,8650 Tanner Williams Rd,Mobile,AL,36608-8318,251.633.7267,,PK-12
Private Schools,Faith Academy,GERI W. SIKES,8650 Tanner Williams Rd,Mobile,AL,36608-8318,251.633.7267,,PK-12
Private Schools,Faith Academy,KRISTEL HOY BERGMAN,8650 Tanner Williams Rd,Mobile,AL,36608-8318,251.633.7267,,PK-12
Private Schools,Faith Academy,Richard Wayne Cunningham,8650 Tanner Williams Rd,Mobile,AL,36608-8318,251.633.7267,,PK-12
Private Schools,Faith Academy,JESSICA M. RAPIER,8650 Tanner Williams Rd,Mobile,AL,36608-8318,251.633.7267,,PK-12
Private Schools,Faith Academy,Barry Pickering,8650 Tanner Williams Rd,Mobile,AL,36608-8318,251.633.7267,,PK-12
Private Schools,Faith Academy,Timothy Skelton,8650 Tanner Williams Rd,Mobile,AL,36608-8318,251.633.7267,,PK-12
Private Schools,Faith Academy,GERI W. SIKES,8650 Tanner Williams Rd,Mobile,AL,36608-8318,251.633.7267,,PK-12
Private Schools,Faith Academy,KRISTEL HOY BERGMAN,8650 Tanner Williams Rd,Mobile,AL,36608-8318,251.633.7267,,PK-12
Private Schools,Faith Academy,Richard Wayne Cunningham,8650 Tanner Williams Rd,Mobile,AL,36608-8318,251.633.7267,,PK-12
Private Schools,Faith Academy,JESSICA M. RAPIER,8650 Tanner Williams Rd,Mobile,AL,36608-8318,251.633.7267,,PK-12
Private Schools,Faith Academy,Barry Pickering,8650 Tanner Williams Rd,Mobile,AL,36608-8318,251.633.7267,,PK-12
Private Schools,Faith Academy,Timothy Skelton,8650 Tanner Williams Rd,Mobile,AL,36608-8318,251.633.7267,,PK-12
Private Schools,Faith Academy,GERI W. SIKES,8650 Tanner Williams Rd,Mobile,AL,36608-8318,251.633.7267,,PK-12
Private Schools,Faith Academy,KRISTEL HOY BERGMAN,8650 Tanner Williams Rd,Mobile,AL,36608-8318,251.633.7267,,PK-12
Private Schools,Faith Academy,Richard Wayne Cunningham,8650 Tanner Williams Rd,Mobile,AL,36608-8318,251.633.7267,,PK-12
Private Schools,Faith Christian Academy,Wayne Forsyth,705 W Sanderfer Rd,Athens,AL,35611-4047,256.233.3778,,PK-12
Private Schools,Faith Christian Academy,Kathy Graham Lawley,3979 County Rd 434,Moulton,AL,0,,,
Private Schools,Faith Christian Academy,Tammy Kingery,PO Box 305,Roanoke,AL,36274-0305,,,
Private Schools,Faith Christian Academy,Dee Tidwell,425 Franklin Street,Alexander City,AL,35010,,,
Private Schools,Faith Christian School,Robert Luther Phillips,4100 Ronnaki Road,Anniston,AL,0,256.236.4499,www.faithchristian.info,PK-12
Private Schools,Faith Covenant Academy,Charles Michael Maze,P O Box 1374,Huntsville,AL,35807,256.881.8844,www.nonesupplied.com,
Private Schools,Faith In Action Business Access Online,Aaron D Mccall,P O Box 1106,Hayneville,AL,0,,,
Private Schools,Faith Lutheran School,Daisy B Kirksey,1703 Dr M L King Jr Avenue,Mobile,AL,0,,,PK-03
Private Schools,Family Links Success Academy,Robin Mackey,P O Box 5072,Anniston,AL,36205,256.820.5911,www.nonesupplied.com,
Private Schools,Family Of Faith Christian Academy,Terrence James,10755 Harrogate Drive,Grand Bay,AL,36541,251.865.4399,,
Private Schools,First Assembly Christian School,Keith Jones,"85261 Highway 9, P.O Box 697",Ashland,AL,36251,256.354.4090,www.facslions.org,PK-12
Private Schools,First Bapt Kinder/daycare,Deborah S Tuck,2309 2nd Ave N,Pell City,AL,0,,,
Private Schools,First Baptist Child Development Center,Cathy Sanford,205 W Bridge Street,Wetumpka,AL,36092,,,
Private Schools,First Baptist Irondale ,Shannon Murphree,6001 Old Leeds Road,Irondale,AL,35210,205.956.3985,www.nonesupplied.com,PK-01
Private Schools,First Baptist Kindergarten,Jamie Barnes Robison,138 S Washington St,Prattville,AL,0,334.361.9481,www.outreach-solutions.com/fbcpratt,PK-OK
Private Schools,First Baptist Preschool,Rena Maldonado,125 South Randolph Avenue,Eufaula,AL,36027,334.687.1111,www.nonesupplied.com,
Private Schools,First Baptist Saks Child Development Center,Carla S Price,4723 Saks Road,Anniston,AL,0,,,
Private Schools,First Missionary Baptist Child Development Center,Nicole Campbell,3509 Blue Spring Rd,Huntsville,AL,0,,,
Private Schools,First Presbyterian Early Childhood,Julie Harvin,3012 West Main Street,Dothan,AL,36305,,,
Private Schools,First Seventh Day Adv Chc Of Adamsville,Phyllis Williams,4220 Oakwood Drive,Adamsville,AL,0,,,
Private Schools,First United Meth First Sch,Jean S Carr,2416 West Cloverdale Park,Montgomery,AL,0,,,PK-OK
Private Schools,First United Methodist Kindergarten Day Care,Claudia Mathews,105 East Spring Street,Sylacauga,AL,35150,256.249.2300,,
Private Schools,Flint Hill Christian School,Larry Pender,1630 Powder Plant Road,Bessemer,AL,0,,,
Private Schools,Floral Crest School,Wanda Kay Beck,1228 County Road 89,Bryant,AL,35958,256.597.2582,www.floralcrest.org,9-Jan
Private Schools,Florence Christian Academy,Michael Fulcher,2701 Florence Blvd,Florence,AL,35630,,,
Private Schools,Flowers Learning Center,Eloise Shelby Flowers,3085 Woodley Road,Montgomery,AL,36116,,,
Private Schools,Focus Point Education Academy,Taneki D Mayes,13074 Edna Brake Lucas Dr,Montgomery,AL,36117,334.270.9571,www.thefocuspoint.org,PK-06
Private Schools,Fords Chapel United Methodist Church,Krista K. McRee,280 Ford Chapel Drive,Harvest,AL,35749,256.864.0888,www.fordschapellc.org,PK-OK
Private Schools,Forestdale Baptist School,Janice Gibbons,1400 Brisbane Ave,Birmingham,AL,35214-3799,205.798.1248,,PK-06
Private Schools,Fort Dale Academy,David Brantley,1100 Gamble St,Greenville,AL,36037,334.382.2606,www.fortdale.com,PK-12
Private Schools,Fort Rucker Elem School,Barbara Dell McMullen,Red Cloud And Farrell Rd,Ft Rucker,AL,36362,,,
Private Schools,Fort Rucker Primary,Dell McMullen,Red Cloud And Farrell Rd,Ft Rucker,AL,36362,,,
Private Schools,Funshine Playschool,Callie Everett,120 North County Road 33,Ashford,AL,36312,334.899.3987,www.nonesupplied.com,
Private Schools,Future Generation Learning Ctr,,109 East South Boulevard,Montgomery,AL,36105,,,2-Feb
Private Schools,Gadsden Job Corp Center,Renee Santangelo,600 Valley Street,Gadsden,AL,35902,,,
Private Schools,Gan Gan & Pa Pa Learning Resource Center,Georgia C Frazier,9029 Airport Road,Birmingham,AL,0,,,
Private Schools,Gardendale Christian Academy,Linda P Wheeler,1800 Decatur Hwy,Gardendale,AL,35071-2350,205.631.9465,gdalechristian.org,PK-05
Private Schools,Garywood Christian School,Randal K Ray,2730 Allison-Bonnett Memorial,Hueytown,AL,35023,205.744.8135,,
Private Schools,Genesis Prep Academy,Tonia Bevelle,11360 County Road 20,Boligee,AL,35443-    ,205.496.1175,,
Private Schools,Glenwood School Inc,Frankie Mitchum,5801 Summerville Road ,Smith Station ,AL,36877-0310,334.297.3614,,PK-12
Private Schools,God'S House Kindergarten And Daycare,Susan Coxhead,4660 Caldwell Mill Road,Birmingham,AL,35243,205.967.7611,,PK-OK
Private Schools,Good Shepherd Academy,,5851 Plantation Road,Theodore,AL,36585,251.653.8579,www.nonesupplied.com,
Private Schools,Government Street Christian School,Bryan Townsend,3401 Government Blvd,Mobile,AL,36693-3401,251.660.7444,www.governmentstreetchristianschool.org,OK-12
Private Schools,Grace Baptist Academy,,8780 Howells Ferry Road,Semmes,AL,36575,251.649.7398,www.nonesupplied.com,
Private Schools,Grace Christian Academy,Carol Diane Grace,1186 Mac Drummond Rd,Jasper,AL,35504,205.522.5633,NoneSupplied.com,OK-12
Private Schools,Grace Christian Academy,Toni A Stanton,19470 County Road 6,Gulf Shores,AL,36542,,,
Private Schools,Grace Christian Academy-Heron Bay,Rufus Howard Gaston,900 Abilene Drive E,Mobile,AL,36695,,,PK-10
Private Schools,Grace Lutheran School,Joshua Daniel Swartz,3321 S Memorial Pkwy,Huntsville,AL,35801-5396,256.881.0553,http://www.gls-hsv.org,PK-10
Private Schools,Grace Temple Pre School-Daycare,Alexander Moore,159 Hemley Avenue,Mobile,AL,36607,251.478.9200,,PK-OK
Private Schools,Grandview School,Joan H Quick,3690 Grandview Parkway,Birmingham,AL,35243-1920,205.971.5753,,PK-12
Private Schools,Grassroots Christian Academy,Lovella Elizabeth Jones,1601 5th Avenue North #222,Birmingham,AL,35203-    ,205.960.6444,,OK-12
Private Schools,Great Beginnings Academy,Delores Ann Smith,1406 Promotion Plaza,Leeds,AL,35094,205.699.1023,www.gblcleeds.com,PK-06
Private Schools,Great Teachers Academy,Ezra E Shine,1525 21st Street  Ensley,Birmingham,AL,35218,800.928.5570,www.greatteachers.academy,12-Jun
Private Schools,Great Teachers Academy,Robert Pelletier,1525 21st Street  Ensley,Birmingham,AL,35218,800.928.5570,www.greatteachers.academy,12-Jun
Private Schools,Great Teachers Academy,Ezra E Shine,1525 21st Street  Ensley,Birmingham,AL,35218,800.928.5570,www.greatteachers.academy,12-Jun
Private Schools,Great Teachers Academy,Robert Pelletier,1525 21st Street  Ensley,Birmingham,AL,35218,800.928.5570,www.greatteachers.academy,12-Jun
Private Schools,Greater Peace Child Developmant Center,Vertrina Grubbs,940 Fox Run,Opelika,AL,36801,251.786.1580,www.nonesupplied.com,
Private Schools,Green Gate School,Yvonna Richardson,3265 McGehee Rd,Montgomery,AL,36111-2300,334.281.3300,,PK-08
Private Schools,Greengate School,Deborah A Hargett,1300 Meridian St Suite 2200,Huntsville,AL,35801,256.551.4439,www.greengateschool.org,8-Jan
Private Schools,Guardian Angel Christian Academy,Teresa Hunt,1600 Stanley Avenue,Andalusia,AL,36420,334.222.8356,,
Private Schools,Gulf States Conf Of Seventh-Day Adventists,Rita Henriquez-Green,6450 Atlanta Highway,Montgomery,AL,36117,,,
Private Schools,Guntersville Child Development Center,,P O Box 673,Guntersville,AL,35976,256.582.8806,www.nonesupplied.com,
Private Schools,Guntersville HeadStart,,461 Drive Inn,Guntersville,AL,35976,256.891.3423,www.nonesupplied.com,
Private Schools,Hampton Cove Christian Academy,T J Lee,351 Old Hwy 431,Hampton Cove,AL,35763,256.539.3773,www.hamptoncoveacademy.org,
Private Schools,Happi Faces Preschool Inc,Amy Meherg Stewart,323 Rock Ridge Rd,Winfield,AL,35594,,,
Private Schools,Harris Early Learning Center,Robbie Black Roberts,1413 7th Ave N,Birmingham,AL,35203,205.252.5060,www.harriselc.org,PK-PK
Private Schools,Harvest Christian School,Duncan Campbell,7303 Taylors Ferry Road,Bessemer,AL,0,,,
Private Schools,Harvest Temple Academy,Vicki Earp,4500 Vaughn Road,Montgomery,AL,0,,,
Private Schools,Haven Christian Academy,Buddy Hayes,9444 Highway 22,Montevallo,AL,0,,,
Private Schools,Heritage Christian Academy,Brian Ernest Willett,2290 Old Tyler Rd,Hoover,AL,35226-1729,205.978.6001,www.smcs.org,PK-12
Private Schools,Higdon Hill School,,6869 5th Ave. S,Birmingham,AL,35212,205.838.4031,,12-May
Private Schools,Highlands School,Jane L Jenkins,4901 Old Leeds Road,Birmingham,AL,35213,205.956.9731,www.highlandsschool.org,PK-08
Private Schools,Highpoint Christian School,Lemuel Taylor,2421 Lott Rd,Eight Mile,AL,0,,,PK-01
Private Schools,Hilltop Montessori School,Michele Scott Wilensky,6 Abbott Square,Birmingham,AL,35242,205.437.9343,www.hilltopmontessori.com,PK-08
Private Schools,Holt Street Memorial Baptist Church Academy,Willie D McClung,1870 South Court Street,Montgomery,AL,36104,334.263.0522,www.nonesupplied.com,
Private Schools,Holy Cross Episcopal School,Kathy Pope Taylor,4400 Bell Road,Montgomery,AL,36116,334.395.8222,www.holycrossmontgomery.org,PK-06
Private Schools,Holy Family Elementary School,,1916 19th Street Ensley,Birmingham,AL,35218,205.780.5858,www.nonesupplied.com,
Private Schools,Holy Family High School,Stephanie Yates Yates,2001 19th St - Ensley,Birmingham,AL,0,205.787.9937,www.hfcristorey.org,12-Sep
Private Schools,Hooper Academy,Greg William Faulkner,380 Fischer Rd,Hope Hull,AL,36043-9773,334.288.5980,www.hooperacademy.org,PK-12
Private Schools,Hoover Christian School,Gaylan Herr,2113 Old Rocky Ridge Road,Hoover,AL,35216,205.987.3376,,PK-09
Private Schools,Hope Academy,Melanie Daw,29964 St. Basil Street,Daphne,AL,36526,251.517.5590,hopeacademy.cc,PK-06
Private Schools,Hope Academy,Jacqueline A Pugh,379 Moccasin Road,Fayette,AL,35555,205.333.1111,www.nonesupplied.com,
Private Schools,Hope Christian School,Connie Atchison,P O Box 563,Alabaster,AL,0,,,
Private Schools,Hope Comm Christian Child Dev Center,Charles Rodgers,P O Box 141,Huntsville,AL,0,,,
Private Schools,Houston Academy,Scott Douglas Phillipps,901 Buena Vista Dr,Dothan,AL,36303-1999,334.794.4106,901 Buena Vista Dr,PK-12
Private Schools,Huntsville Achievement Sch,Richard Reynolds,406 1/2 Governors Dr SW,Huntsville,AL,35801-5124,256.539.1772,,OK-12
Private Schools,Huntsville Christian Academy,Cathy Sperr,175 West Park Loop,Huntsville,AL,35806,,,
Private Schools,Huntsville College Preparatory School,,4217 9th Ave SW,Huntsville,AL,35805-3400,256.207.8075,www.hcpschool.org,
Private Schools,Huntsville Educational Service,Patty O'Reilly,3313 Memorial Parkway SW # 113,Huntsville,AL,35801,256.650.6331,www.huntsvilleeducationalservice.com,OK-12
Private Schools,Imagination Station Child Development Center,Rebekah Ensey,400 McFarland Blvd.  Suite B,Northport,AL,35476,205.333.3291,www.nonesupplied.com,
Private Schools,Indian Springs School,TANYA YEAGER,190 Woodward Dr,Indian Springs,AL,35124-3272,205.988.3350,www.indiansprings.org,12-Aug
Private Schools,Indian Springs School,Kenneth Hunter Wolfe,190 Woodward Dr,Indian Springs,AL,35124-3272,205.988.3350,www.indiansprings.org,12-Aug
Private Schools,Indian Springs School,Weslie C Wald,190 Woodward Dr,Indian Springs,AL,35124-3272,205.988.3350,www.indiansprings.org,12-Aug
Private Schools,Indian Springs School,TANYA YEAGER,190 Woodward Dr,Indian Springs,AL,35124-3272,205.988.3350,www.indiansprings.org,12-Aug
Private Schools,Indian Springs School,Kenneth Hunter Wolfe,190 Woodward Dr,Indian Springs,AL,35124-3272,205.988.3350,www.indiansprings.org,12-Aug
Private Schools,Indian Springs School,Weslie C Wald,190 Woodward Dr,Indian Springs,AL,35124-3272,205.988.3350,www.indiansprings.org,12-Aug
Private Schools,Indian Springs School,TANYA YEAGER,190 Woodward Dr,Indian Springs,AL,35124-3272,205.988.3350,www.indiansprings.org,12-Aug
Private Schools,Indian Springs School,Kenneth Hunter Wolfe,190 Woodward Dr,Indian Springs,AL,35124-3272,205.988.3350,www.indiansprings.org,12-Aug
Private Schools,Indian Springs School,Weslie C Wald,190 Woodward Dr,Indian Springs,AL,35124-3272,205.988.3350,www.indiansprings.org,12-Aug
Private Schools,Integrity Christian Academy,,216 Roebuck Drive,Birmingham,AL,35215,205.833.4416,www.nonesupplied.com,
Private Schools,IQRA Math and Science Academy ,Ufuk Demir,1821 McCall Drive,Anniston,AL,36207,256.403.6161,www.imsacademy.org,OK-12
Private Schools,IQRA Math and Science Academy ,Janice Kay Wright,1821 McCall Drive,Anniston,AL,36207,256.403.6161,www.imsacademy.org,OK-12
Private Schools,IQRA Math and Science Academy ,Ufuk Demir,1821 McCall Drive,Anniston,AL,36207,256.403.6161,www.imsacademy.org,OK-12
Private Schools,IQRA Math and Science Academy ,Janice Kay Wright,1821 McCall Drive,Anniston,AL,36207,256.403.6161,www.imsacademy.org,OK-12
Private Schools,Islamic Academy Of Alabama,Ziyad M Awad,1810 25th Court South,Homewood,AL,0,205.870.0422,iaaschool.net,PK-12
Private Schools,Islamic Academy of Huntsville,Marilyn Lewis,1645 Sparkman Drive,Huntsville,AL,35816,,,
Private Schools,J B Shelton Academy Inc,Janet L Shelton,1050 Hillcrest Rd,Mobile,AL,36695-4572,251.639.1311,,12-Jun
Private Schools,Jackson Academy,Joseph Bryan Jones,P O Box 838,Jackson,AL,36545,251.246.5552,1954 Coffeeville Road,PK-12
Private Schools,Jackson Creek Christian Academy,Johnnie Grant,10431 Old Pascagoula Road,Grand Bay,AL,36541,,,
Private Schools,Jacksonville Christian Acad,Tommy Glenn Miller,831 Alexandria Rd SW,Jacksonville,AL,36265-2757,256.435.3333,,OK-12
Private Schools,Jasper Academy,Wayne Lee,1807 6th Ave. S,Jasper,AL,35501,205.265.2900,www.myjasperacademy.com,12-Mar
Private Schools,Jefferson Christian Academy,Ben C Burger,1500 Heritage Place Drive,Birmingham,AL,0,,,
Private Schools,Jericho Way Christian Academy,Carol Grace,1083 River Road,Cordova,AL,35550,205.522.5633,,OK-12
Private Schools,John B Norman Sr Christian Academy,John Norman,309 20th Street Sw,Birmingham,AL,35211,205.925.6900,,6-Jun
Private Schools,Joseph S. Bruno Montessori Academy,Rebecca Little,5509 Timber Hill Road,Birmingham,AL,35242,205.995.8709,www.jbma.education,PK-08
Private Schools,Keystone Learning,Liberty S Duke,Post Office Box 837,Northport,AL,0,,,PK-OK
Private Schools,Kiddie Kollege Of First Umc,Beth Roberts,800 Greensboro Avenue,Tuscaloosa,AL,0,,,
Private Schools,Kids Korner,,539 Gunter Avenue,Guntersville,AL,35976,256.571.0420,www.nonesupplied.com,
Private Schools,Kingdom Kids,,4525 Wueth Drive,Guntersville,AL,35976,256.582.5518,www.nonesupplied.com,
Private Schools,Kingwood Christian Child Dev,Barbara A Drackett,200 Harvest Way,Alabaster,AL,0,,,OK-OK
Private Schools,Knollwood Christian School,Sandra M Guy,1501 Knollwood Drive,Mobile,AL,0,,,
Private Schools,Knollwood Christian School,Larry Jones,P O Box 340,Sylacauga,AL,35150,256.249.4750,www.knollwoodcs.com,OK-08
Private Schools,"Knowledge Works Learning Academy, Inc/Kai Wa'Diya Learning Academy, Inc-KWLA",,903 South Railroad Street,Phenix City,AL,36867-    ,334.408.2425,www.kwlakids.org,PK-12
Private Schools,Lake City Christian Academy,Gayle Buchanan,5025 Spring Creek Drive,Guntersville,AL,0,,,PK-02
Private Schools,Lakeview Christian School,Deborah Sabler,1600 East Glenn Avenue,Auburn,AL,36830,334.887.7094,www.nonesupplied.com,
Private Schools,Lampleys Christian Academy,,107 Village Road,Midway,AL,36053,334.695.8009,www.nonesupplied.com,
Private Schools,Lawrence County Christian School,Stephen Milam,10485 County Road 460,Moulton,AL,0,,,
Private Schools,LEAPS Academy,Ashley P Faust,1815 Martin Street South,Pell City,AL,35128,205.884.7621,www.nonesupplied.com,PK-12
Private Schools,Learning Tree Inc,Marc Williams,101 S. Dubois St.,Tallassee,AL,36078,334.252.0025,www.learning-tree.org,
Private Schools,Learning Tree The,,6344 Roy Webb Rd,Peidmont,AL,36272-0908,,,
Private Schools,Lee-Scott Academy,George Stanley Cox,1601 Academy Dr,Auburn,AL,36830-2895,334.821.2430,www.lee-scott.org,PK-12
Private Schools,Legacy Christian Academy,Anita M Creekmore,510 JC Mauldin Highway,Killen,AL,35645-    ,256.757.5345,www.legacy-christian-academy.org,OK-10
Private Schools,Life Institute Christian School,Henry Williams Roberts,351 South Craft Highway,Chickasaw,AL,36611,251.456.2652,,OK-12
Private Schools,Lighthouse,,6335 Swedetown Road N,Theodore,AL,36582,251.653.6542,www.nonesupplied.com,
Private Schools,Lighthouse Christian Academy,Gary Moheny,3570 Bell Road,Montgomery,AL,36116,334.271.4200,,PK-12
Private Schools,Lighthouse Christian School,,P O Box 59,Clinton,AL,35448,205.372.6344,www.nonesupplied.com,
Private Schools,Lindsay Lane Christian Academy,Stephen Lee Murr,1300 Lindsay Lane,Athens ,AL,35613,256.262.5323,www.lindsaylanechristianacademy.org,PK-12
Private Schools,Little Friends Preschool,Helen M Johnson,120 Hillcrest Drive,Andalusia,AL,36420,,,
Private Schools,Living Word Christian Center Kingdom Academy,Levy H Knox,1060 Government St,Mobile,AL,0,,,
Private Schools,Lowndes Academy,Darrell W Self,PO Box 99,Lowndesboro,AL,36752-0099,334.278.3366,,PK-12
Private Schools,Lyman Ward Military Academy,Mark Morgan,174 Ward Circle,Camp Hill,AL,36850-0550,256.280.3727,www.lwma.org,12-Jun
Private Schools,Ma'At High School,Rhoda E Johnson,14 Southmont Drive,Tuscaloosa,AL,35405,,,
Private Schools,Macon-East Montgomery Academy,Glynn Lott,15396 Vaughn Rd,Cecil,AL,0,334.277.6566,,PK-12
Private Schools,Madison Academy,Stanley Brian Givens,325 Slaughter Rd,Madison,AL,35758,256.469.6400,macademy.org,PK-12
Private Schools,Madison Academy,Natalie Marie Pittman-Lirette,325 Slaughter Rd,Madison,AL,35758,256.469.6400,macademy.org,PK-12
Private Schools,Madison Academy,Brian William Privett,325 Slaughter Rd,Madison,AL,35758,256.469.6400,macademy.org,PK-12
Private Schools,Madison Academy,CRESSIE JO MCCAGHREN,325 Slaughter Rd,Madison,AL,35758,256.469.6400,macademy.org,PK-12
Private Schools,Madison Academy,Stanley Brian Givens,325 Slaughter Rd,Madison,AL,35758,256.469.6400,macademy.org,PK-12
Private Schools,Madison Academy,Natalie Marie Pittman-Lirette,325 Slaughter Rd,Madison,AL,35758,256.469.6400,macademy.org,PK-12
Private Schools,Madison Academy,Brian William Privett,325 Slaughter Rd,Madison,AL,35758,256.469.6400,macademy.org,PK-12
Private Schools,Madison Academy,CRESSIE JO MCCAGHREN,325 Slaughter Rd,Madison,AL,35758,256.469.6400,macademy.org,PK-12
Private Schools,Madison Academy,Stanley Brian Givens,325 Slaughter Rd,Madison,AL,35758,256.469.6400,macademy.org,PK-12
Private Schools,Madison Academy,Natalie Marie Pittman-Lirette,325 Slaughter Rd,Madison,AL,35758,256.469.6400,macademy.org,PK-12
Private Schools,Madison Academy,Brian William Privett,325 Slaughter Rd,Madison,AL,35758,256.469.6400,macademy.org,PK-12
Private Schools,Madison Academy,CRESSIE JO MCCAGHREN,325 Slaughter Rd,Madison,AL,35758,256.469.6400,macademy.org,PK-12
Private Schools,Madison Academy,Stanley Brian Givens,325 Slaughter Rd,Madison,AL,35758,256.469.6400,macademy.org,PK-12
Private Schools,Madison Academy,Natalie Marie Pittman-Lirette,325 Slaughter Rd,Madison,AL,35758,256.469.6400,macademy.org,PK-12
Private Schools,Madison Academy,Brian William Privett,325 Slaughter Rd,Madison,AL,35758,256.469.6400,macademy.org,PK-12
Private Schools,Madison Academy,CRESSIE JO MCCAGHREN,325 Slaughter Rd,Madison,AL,35758,256.469.6400,macademy.org,PK-12
Private Schools,Madison Baptist Academy,Larry Nicholson,840 Balch Road,Madison,AL,35758-9713,,,
Private Schools,Magnolia Springs Christian School,Tammy Curl,6058 Theodore-Dawes Road,Theodore,AL,0,,,PK-08
Private Schools,Maranathan Academy,Donna Dukes,852 North 44th Street ,Birmingham,AL,35212-2138,205.591.8100,,12-Jun
Private Schools,Marengo Academy,ROBERT D. JAMES,2103 S Main Street,Linden,AL,36748,334.295.4151,marengoacademy.org,PK-12
Private Schools,Marietta Johnson School,Jessie Patterson,8 Marietta Drive,Fairhope,AL,0,,,PK-08
Private Schools,Marion Academy,ANTHONY YELVERTON,1820 Prier Dr,Marion,AL,36756-5930,334.683.8204,,PK-12
Private Schools,Mars Hill Bible School,Dexter Rutherford,698 Cox Creek Pkwy,Florence,AL,35630-1199,256.767.1203,www.mhbs.org,PK-12
Private Schools,Marshall Christian Academy,Roy D Bryant,1631 Brashers Chapel Road,Albertville,AL,35951,256.279.0192,marshallchristianacademy.com,PK-12
Private Schools,Maxwell Afb Elem School,Melissa Hayes,800 Magnolia Blvd Bldg 538,Maxwell Afb,AL,0,,,
Private Schools,Mayfair Child Development Center,Norma Anderson,1095 Carl T Jones Drive,Huntsville,AL,0,,,
Private Schools,McElwain Christian Academy,Lucy Baker Bloodworth,3631 Montevallo Rd,Mountain Brk,AL,35213-1515,205.960.4649,www.mcelwainchristianacademy.org,OK-05
Private Schools,McRae Learning Center,Sadie Moss,2601 Range St,Selma,AL,36701,334.872.8078,,PK-OK
Private Schools,Meadowview Christian School,Robert Wayne Taylor,1512 Old Orrville Rd,Selma,AL,36701-6997,334.872.8448,mcstrojans.org,OK-12
Private Schools,Metropolitian School Of Talent And The Arts,Janice Baskin-Berry,"224 2nd Street, Thomas",Birmingham,AL,35214,205.422.8506,,OK-08
Private Schools,Ministerial Brotherhood Ministries,Morrell Todd,1629 32nd Avenue North,Birmingham,AL,35207,,,
Private Schools,Miracle Academy Private Christian,Gregory Kennard Mullen,3420 Hickory AVE SW,Birmingham,AL,35221-    ,205.923.3483,www.miracleacademypcs.org,OK-08
Private Schools,Miracle Deliverance Temple,"James Johnson, Sr.",28 South Park Road SW,Birmingham,AL,35211,205.925.2417,,PK-12
Private Schools,Miss Bettys Preschool,Betty Fuller,210 Free Street,Moulton ,AL,35650,256.974.9892,www.nonesupplied.com,
Private Schools,Miss Kim's Nursey School,,800 Gunter Avenue,Guntersville,AL,35976,256.582.2497,www.nonesupplied.com,
Private Schools,Mobile Assn Ret Citizens,Flora Day,2424 Gordon Smith Dr,Mobile,AL,0,,,
Private Schools,Mobile Bay Montessori,,20900 Highway 181,Fairhope,AL,36532,205.990.9349,www.nonesupplied.com,PK-04
Private Schools,Mobile Christian School,Clinton Mitchell,5900 Cottage Hill Rd,Mobile,AL,36609,251.661.1613,www.mobilechristian.org,PK-12
Private Schools,Mobile Junior Academy,Doug Carr,1900 Cody Road S,Mobile,AL,0,,,OK-08
Private Schools,Moffett Road Christian,Donna Crabtree,6159 Moffett Road,Mobile,AL,36618,,,
Private Schools,Monroe Academy,Susan H McKenzie,4096 South Alabama Avenue,Monroeville,AL,36460,251.743.3932,monroeacademy.org,PK-12
Private Schools,Montessori School Of Decatur,Peggie Kilpatrick,402 Johnson St,Decatur,AL,0,,,
Private Schools,Montessori School Of Huntsville,Rebecca Ann Duke,15975 Chaney Thompson Road,Huntsville,AL,0,256.881.3790,www.montessorihuntsville.org,
Private Schools,Montgomery Association For Retarded Citizens,Lynn M Wise,527 Buckingham Dr,Montgomery,AL,0,,,
Private Schools,Montgomery Christian School,Thomas Danielson,1728 South Hull Street,Montgomery,AL,36104,334.386.1749,MontgomeryChristianSchool.com,OK-05
Private Schools,Montgomery Job Corps Center,Frank Coiro,1145 Air Base Blvd,Montgomery,AL,36117,,,
Private Schools,Morae Classical School of Auburn,,Lot 1 WC Davis Industrial Park,Opelika,AL,36801-    ,720.795.4176,www.moraeclassical.ord,12-May
Private Schools,Moundville Christian Academy,Beatrice Nichols,61 Market Street,Moundville,AL,35474-    ,205.454.9586,,OK-09
Private Schools,Mountain Brook Academy,,2829 Thornhill Road,Mountain Brook,AL,35213,205.871.3488,www.mountainbrookacademycom,OK-06
Private Schools,Mountain Chapel Methodist Pk,Stacey Bouchillon,2541 Rocky Ridge Rd,Birmingham,AL,35243,,,PK-PK
Private Schools,Mountain View Christian Academy,Jonathan Dale Aultman,3665 Highway 73,Bryant,AL,35958,256.597.3467,,PK-12
Private Schools,Mountainview Baptist School,Judy Dick,5568 Chaulkville Road,Birmingham,AL,35235,,,
Private Schools,Ms Paula's Online Education,Paula Tripp,2687 Mat Morrow Road,Arab,AL,35016,256.931.4050,www.mspaulasonlinelearning.org,12-Apr
Private Schools,Mt. Pilgrim Christian Academy,Eleashia Roper,6746 Grasselli Rd,Fairfield,AL,35064,205.780.5096,,
Private Schools,N E Miles Jewish Day School,Robert Greenberg,4000 Montclair Rd,Birmingham,AL,35213-2412,205.879.1068,,PK-08
Private Schools,NAPS Abundant Life Academy,Kristen Nicole Nedd,6228 County Road 35,Sawyerville,AL,36776,334.624.2552,www.nonesupplied.com,8-Jan
Private Schools,Nazaree Christian School,,1675 W 165 Service Road N,Mobile,AL,36618,251.471.8021,www.nonesupplied.com,
Private Schools,New Day Academy,Merry Elizabeth Brazzelle,700 E Cottonwood,Dothan,AL,0,,,
Private Schools,New Dimensions Christian Academy,Gloria Sylvester,2200 Main Avenue,Northport,AL,35476,205.111.1111,www.nonesupplied.com,
Private Schools,New Generation Christian Academy,David Winston Kendall ,2310 Summerfield Road,Selma,AL,36701,334.505.4760,www.nonesupplied.com,PK-12
Private Schools,New Hope Christian Elementary School,Martha Ann Barber,1740 Cleburne Avenue Sw,Birmingham,AL,35211,205.925.9399,,5-May
Private Schools,New life Christian Academy,,4230 Highway 14,millbrook,AL,36054,334.285.5615,www.newlifechristianacademy.com,
Private Schools,New Life Christian Academy,Annie Blackmon,601 Union Hill Road,Troy,AL,36081-1085,,,
Private Schools,New Life Christian School,Ronnie Bailey,1945 Drewry Rd,Monroeville,AL,0,,,
Private Schools,New Life Christian School Of Excellence,Brenda Beckwood,1622 7th Avenue North,Bessemer,AL,35020,205.425.4735,www.nlim.org,PK-05
Private Schools,North Alabama Center For Educational Excellence,Earnest Davis,4900-B Century Street,Huntsville,AL,35816,,,
Private Schools,North Alabama Christian School,Sandra Summerford,5651 Al Highway 40,Valley Head,AL,35989,,,PK-12
Private Schools,North Mobile Christian School,,1255 Industrial Pkwy,Saraland,AL,36571-3723,251.679.3279,northmobilechristian.org,PK-08
Private Schools,North River Christian Academy,Dan Habrial,1785 McFarland Blvd,Tuscaloosa,AL,35406,205.349.4881,,
Private Schools,North Side Christian School,Susie Crumb,4812 Yonderhill Drive,Birmingham,AL,0,,,
Private Schools,NorthPointe Christian Academy,Chiquita Bankhead Wilkins,4050 Fairground Rd,Montgomery,AL,36110,334.356.6045,northpointchurch.net,
Private Schools,Northside Methodist Academy,Matthew Johnson,2600 Redmond Rd,Dothan,AL,36303-5616,334.794.7273,nmacademy.net,PK-12
Private Schools,Northview Christian Church Academy,Yvette Hogans,233 Bic Road,Dothan,AL,36303,,,PK-07
Private Schools,Oak Mountain Classical School,Keith Nix,5080 Cahaba Valley Trace,Birmingham,Al,0,,,
Private Schools,Oak Park Christian Academy ,Donna Dement,3321 Sollie Road,Mobile,AL,36695,251.633.8045,www.nonesupplied.com,
Private Schools,Oakwood Adventist Academy K-12,Gilbert Cooper,7000 Adventist Blvd,Huntsville,AL,35896,,,OK-12
Private Schools,Old Path Christian School,Joey Polston,1000 Lee Road 263,Cusseta,AL,0,,,
Private Schools,Open Door Baptist Church,Cinda Perry,1761 McFarland Blvd,Tuscaloosa,AL,35406,,,
Private Schools,Open Door Christian School,Violet Wallace,20774 County Road 12 South,Foley,AL,36535,,,
Private Schools,Parkview Christian School,John S Dowling,608 South Eufaula Avenue,Eufaula,AL,36027,,,
Private Schools,Parkway Christian Academy,Michael R. Gallien,959 Huffman Rd,Birmingham,AL,35215-7846,205.833.2410,www.pcawildcats.com,PK-12
Private Schools,Pathways Academy,Tammy H Jackson,517 4th Avenue East,Glencoe,AL,35905,256.494.1600,www.pathways-academy.org,
Private Schools,Patrician Academy,Linda Couch,901 South Mulberry Avenue,Butler,AL,36904,205.459.3605,pasaints.com,PK-12
Private Schools,Patrician Academy,Sabra Temple,901 South Mulberry Avenue,Butler,AL,36904,205.459.3605,pasaints.com,PK-12
Private Schools,Patrician Academy,Linda Couch,901 South Mulberry Avenue,Butler,AL,36904,205.459.3605,pasaints.com,PK-12
Private Schools,Patrician Academy,Sabra Temple,901 South Mulberry Avenue,Butler,AL,36904,205.459.3605,pasaints.com,PK-12
Private Schools,People In Progress,Krystal Rogers,472 South Lawrence Street,Montgomery,AL,36104,334.819.7999,www.nonesupplied.com,12-Sep
Private Schools,PFC Howard Johnson Academy,Gloria Johnson,102 Border Circle East,Mobile,AL,36608,251.366.5558,,OK-03
Private Schools,Phenix Christian School,Cecilia E Drummonds,1309 Tenth Ave,Phenix City,AL,36868,334.298.3588,,
Private Schools,Phillips Temple Christian Academy,George Ayers,2257 St Stephens Road,Mobile,AL,36617,,,OK-08
Private Schools,Pickens Academy,J Brach White,225 Ray Bass Road,Carrollton,AL,35447,205.367.8144,,PK-12
Private Schools,Pike Liberal Arts School,Rebecca D Baggett,301 Kervin Drive,Troy,AL,36081-0329,334.566.2023,pikelib.com,PK-12
Private Schools,Pine Grove Christian Academy,,35 County Road 3062,Double Springs,AL,35553,205.489.5062,www.nonesupplied.com,
Private Schools,Play World Child Development School,John Mark Sain,721 Gresham Road,Florence,AL,35630,256.767.2251,www.playworldchildcare,PK-PK
Private Schools,Praise Christian School,,2633 Dawes Road,Mobile,AL,36695,251.219.4460,www.nonesupplied.com,
Private Schools,Prattville Christian Academy,Jerry Clay Boyd,322 Old Farm Lane North,Prattville,AL,36066,334.285.0077,www.4pca.com,PK-12
Private Schools,Prattville Christian Academy,Katie Brown Furr,322 Old Farm Lane North,Prattville,AL,36066,334.285.0077,www.4pca.com,PK-12
Private Schools,Prattville Christian Academy,Jerry Clay Boyd,322 Old Farm Lane North,Prattville,AL,36066,334.285.0077,www.4pca.com,PK-12
Private Schools,Prattville Christian Academy,Katie Brown Furr,322 Old Farm Lane North,Prattville,AL,36066,334.285.0077,www.4pca.com,PK-12
Private Schools,Premier School,Leslie Davis Buchanan,1827 Slaughter Road,Madison,AL,35758,256.864.8450,,PK-OK
Private Schools,Prichard Preparatory School,Lorie Ann Minor,743 Mount Sinai Ave,Whistler,AL,36612-1826,251.380.7220,www.prichardprepschool.com,PK-05
Private Schools,Progress Academy,Rachel Elizabeth Pridgen,701 Brookside Drive,Opp,AL,36467,334.804.2852,www.nonesupplied.com,PK-12
Private Schools,Promethean Academy,Jesse R Buckley,261 Western Hills Drive,Madison,AL,35757,205.426.3394,,PK-08
Private Schools,Promise Place Preschool at First Baptist,Berry J Smith,309 East Main Street,Albertville,AL,35950,256.891.1002,www.nonesupplied.com,
Private Schools,Providence Christian School,Emory Latta,4847 Murphy Mill Road,Dothan,AL,0,,,
Private Schools,Providence Classical School,Pattie Steward,605 Clinton Avenue East,Huntsville,AL,35801,256.852.8884,providenceclassical.org,OK-12
Private Schools,Randolph School,Byron C Hulsey,1005 Drake Ave,Huntsville,AL,35802,256.799.6100,,OK-12
Private Schools,Ratchford Head Start,Lori Ingle,600 Jackson Avenue,Oneonta,AL,35121,,,
Private Schools,Red Mountain Community School,Melanie B Walker,617 22nd Street South,Birmingham,AL,35233,,,
Private Schools,Redstone Arsenal Child Youth & School Services,Andre Terry,Building 1500 Weeden Mountain Road,Redstone Arsenal,AL,35808,256.876.3704,www.nonesupplied.com,
Private Schools,Restoration Academy,Brian Goessling,4600 Carnegie Ave,Fairfield,AL,35064,205.785.8805,www.restorationacademy.org,OK-12
Private Schools,Revelation Baptist,,1711 Taylor Lane,Mobile,AL,36605,251.473.2555,www.nonesupplied.com,
Private Schools,River East Baptist Church Kindergarten,Tammy Clark,1707 Reids Circle,Gadsden,AL,35903,256.494.3034,www.nonesupplied.com,
Private Schools,Riverchase United Methodist Day School,Laurie Shotnik,1953 Old Highway,Hoover,AL,35244,205.989.8070,,
Private Schools,Riverhill School,Mary Jane Fowler,2826 County Road 30,Florence,AL,35634-6606,256.764.8200,www.riverhillschool.org,PK-06
Private Schools,Rock Mills Day Care and Preschool Center,Anita Louise Allen,65512 Highway 22,Roanoke,AL,36274,334.885.6237,www.rockmillsdaycareandpreschoolcenter.com,PK-PK
Private Schools,Rocket City Academy,Gina Mitchell,11515 South Memorial Parkway,Huntsville,AL,35803-    ,256.286.3040,www.RocketCityAcademy.com,PK-12
Private Schools,Ross Christian Academy,,1130 Bellview St,Montgomery,AL,0,334.264.2971,,PK-05
Private Schools,Rtk Community Learning And Technology Center,Rico Kelly,1090 Coosa County Road 52,Goodwater,AL,35072-3627,256.839.1546,,3-Mar
Private Schools,Rushton School-Gateway,,5201 Messer Airport Hwy,Birmingham,AL,35212,205.510.2714,www.gway.org,11-Jun
Private Schools,S Highland Child Dev Ctr Inc,Michelle Darabaris,2035 Highland Ave South,Birmingham,AL,0,,,PK-PK
Private Schools,Safe Haven Christian Academy,Janice S Morrissette,803 N Dr Martin L King Jr Dr,Prichard,AL,36610-4820,251.457.6088,www.safehaven803.com,PK-11
Private Schools,Saint James School,,6010 Vaughn Rd,Montgomery,AL,36116-1202,334.277.8033,www.stjweb.org,PK-12
Private Schools,Saint Mark Kindergarten,Janet Nebrig,2901 Columbiana Road,Birmingham,AL,35216,205.822.1312,saintmarkumc.org,PK-OK
Private Schools,Samson Baptist Academy,,8 West Main Street,Samson,AL,36477,334.898.2213,www.nonesupplied.com,
Private Schools,Satsuma Christian School,DeAnn D McEvoy,5600 Bayou Ave,Satsuma,AL,36572,334.675.1295,,PK-08
Private Schools,Scottsboro Christian Academy,Debbie Johnson,9545 Alabama Highway 79,Scottsboro,AL,35768,256.259.5398,,OK-12
Private Schools,Semmes Christian Academy,Lavonia White,9275 Vickers Road,Semmes,AL,0,,,
Private Schools,Sharp Dean School Of Continuing Studies Inc,Rosetta Sharp Dean,1910 Noble Street,Anniston,AL,36201,256.238.0451,www.sharpdeanschool.com,OK-12
Private Schools,Shoals Christian School,James Harwood Koan,301 Heathrow Drive,Florence,AL,35633,256.767.7070,www.shoalschristian.org,PK-12
Private Schools,Silverhill Christian Academy,Amy Mccully,PO Box 145,Silverhill,AL,36576-0145,,,
Private Schools,Skyland Seventh Day Adventist Day Church School,Sandi Spady,2211 Skyland Blvd East,Tuscaloosa,AL,0,,,
Private Schools,Slaughter Road Child Development Center,Pam Hollis,9 Eastview Drive,Madison,AL,35758,,,
Private Schools,South Choctaw Academy,Monteil Robinson,5245 New Hope Rd,Toxey,AL,36921,251.843.2426,southchoctaw.org,OK-12
Private Schools,South Montgomery Cty Acad,CAROLYN HICKS,PO Box 10,Grady,AL,36036-0010,334.864.9852,,PK-12
Private Schools,Southern Academy,James I Davis,407 College St,Greensboro,AL,36744,334.624.8111,southernacademy.net,PK-12
Private Schools,Southern Christian Preparatory Academy,Jay Callins,P.O. Box 380753,Birmingham,AL,35238,205.326.7207,www.traprepbham.org,12-May
Private Schools,Southminister Day School,Jeanie Covin,1124 Montgomery Hwy,Birmingham,AL,0,,,PK-06
Private Schools,Sparta Academy,Wayne Hammonds,300 Pierce St,Evergreen,AL,36401,251.578.2852,spartaacademywarriors.com,PK-12
Private Schools,Spring Hill Bapt Preschool,Patricia A Hampton,2 South McGregor Ave,Mobile,AL,0,,,
Private Schools,Spring Valley School,Joan Keagy,P O Box 131431,Birmingham,AL,0,,,
Private Schools,Springwood School,Rick Johnson,1814 Cherry Drive,Lanett,AL,36863-1030,334.644.2191,www.springwoodschool.com,PK-12
Private Schools,St Ann Elementary School,Maria Antionette Nolen,3910 Spring Ave Sw #a,Decatur,AL,35603-1294,256.353.6543,www.saintanndecatur.org,PK-08
Private Schools,St Bernard Prep School,Joel Martin,1600 St Bernard Drive Se,Cullman,AL,35055,,,
Private Schools,St Clair County Day Program Inc,David Gray,470 10th Street,Ashville,AL,35953,205.594.2280,www.stclairdayprogram.com,
Private Schools,St Clair County Day Program Inc,Cheryl Renee Wortham,470 10th Street,Ashville,AL,35953,205.594.2280,www.stclairdayprogram.com,
Private Schools,St Clair County Day Program Inc,David Gray,470 10th Street,Ashville,AL,35953,205.594.2280,www.stclairdayprogram.com,
Private Schools,St Clair County Day Program Inc,Cheryl Renee Wortham,470 10th Street,Ashville,AL,35953,205.594.2280,www.stclairdayprogram.com,
Private Schools,St Joseph Child Development Center,Dennis Berry,1444 Highway 165,Ft Mitchell,AL,36856,,,
Private Schools,St Luke's Episcopal School,Michael Felice Notaro,3975 Japonica Lane,Mobile,AL,36693-2928,251.666.2991,www.stlukesmobile.com,PK-12
Private Schools,St Luke's Episcopal School,Amanda Keesee,3975 Japonica Lane,Mobile,AL,36693-2928,251.666.2991,www.stlukesmobile.com,PK-12
Private Schools,St Luke's Episcopal School,Michael Felice Notaro,3975 Japonica Lane,Mobile,AL,36693-2928,251.666.2991,www.stlukesmobile.com,PK-12
Private Schools,St Luke's Episcopal School,Amanda Keesee,3975 Japonica Lane,Mobile,AL,36693-2928,251.666.2991,www.stlukesmobile.com,PK-12
Private Schools,St Mark United Methodist School,Andrea Trehern,439 Azalea Road,Mobile,AL,36609,,,PK-01
Private Schools,St Paul's Episcopal School,Susan Rushton Brochu,161 Dogwood Ln,Mobile,AL,36608,251.342.6700,www.stpaulsmobile.net,PK-12
Private Schools,St Paul's Lutheran School,,510 3rd Ave SE,Cullman,AL,35055,256.734.6580,www.stpaulscullman.com,PK-06
Private Schools,St Rose Of Lima Academy,John Bernard Arndt,1401 S 22nd St,Birmingham,AL,35205,205.933.0549,www.strosebhm.com,PK-08
Private Schools,St Rose Of Lima Academy,Sister Mary Juliana Cox,1401 S 22nd St,Birmingham,AL,35205,205.933.0549,www.strosebhm.com,PK-08
Private Schools,St Rose Of Lima Academy,John Bernard Arndt,1401 S 22nd St,Birmingham,AL,35205,205.933.0549,www.strosebhm.com,PK-08
Private Schools,St Rose Of Lima Academy,Sister Mary Juliana Cox,1401 S 22nd St,Birmingham,AL,35205,205.933.0549,www.strosebhm.com,PK-08
Private Schools,St. Michael Catholic School,Deborah Brooks,1100 North College Street,Auburn,AL,36830-    ,334.787.9089,,PK-03
Private Schools,St.Barnabas Regional School,Tillie Barnhill,7901 First Avenue North,Birmingham,AL,35206,,,
Private Schools,Stanford Christian Academy,Kenneth Stanford,8780 Moffett Road,Semmes,AL,36575,251.645.2070,,12-Mar
Private Schools,Success Academy,R Mike Rollins,PO Box 305,Roanoke,AL,36274-0305,,,
Private Schools,Success Unlimited Academy,Susan Odle,2328 Fairlane Drive,Montgomery,AL,36116,334.819.8005,,OK-12
Private Schools,Sumiton Christian School,,155 Hosanna Drive,Sumiton,AL,35148-0040,205.648.6643,www.sumitonchristianschool.org,PK-12
Private Schools,Summit Academy,George Michael Shehi,3001 Scenic Hwy,Gadsden,AL,35904-3047,256.546.9265,,OK-12
Private Schools,Summit Christian Academy,Headmaster Headmaster,1801 Highway 14 East,Millbrook,AL,36054,334.285.6873,www.nonesupplied.com,
Private Schools,Sumter Academy,Judy Matlock,181 Sumter Academy Rd,York,AL,36925-9739,205.392.5238,www.sumteracademy.org,PK-12
Private Schools,Susanna Wesley Early Education Ministry,Amy Vandergrift,120 Green Street,Huntsville,AL,35801,256.534.6866,,PK-OK
Private Schools,Swanson Academy,Robin Swanson,104 Laverne Circle,Daphne,AL,36526,251.375.0789,www.nonesupplied.com,OK-12
Private Schools,Sylvan Learning Center,Amber Nolen,687 North Dean Road,Auburn,AL,36831,334.826.3600,www.nonesupplied.com,
Private Schools,Sylvan Learning Center,Eddie W McLain,246 Gasden Highway Suite 10,Birmingham,AL,35235,,,
Private Schools,Sylvan Learning Center,Mark Harbin,7500 South Memorial Parkway Suite 119,Huntsville,AL,35802,256.880.1444,www.nonesupplied.com,
Private Schools,Tabernacle Christian School,Charles Vance McBrayer,2649 Decatur Highway,Gardendale,AL,35071,205.631.9318,www.nonesupplied.com,
Private Schools,Teacher's P.E.T.S. Academy,Contessa Jackson,191 Thuderbird Drive,Harvest,AL,35749,256.698.8911,,PK-12
Private Schools,Temple Christian,,2615 64th Blvd,Valley,AL,36854,334.756.4432,www.templechristian.com,
Private Schools,Temple Christian Academy,William D Odom,P O Box 483,Atmore,AL,0,,,
Private Schools,The Altamont School,SARAH WHITESIDE,4801 Altamont Rd S,Birmingham,AL,35222-4499,205.879.2006,www.altamontschool.org,12-May
Private Schools,The Arc Of Madison County,Susan Klingel,1100 Washington St Nw,Huntsville,AL,35801,,,
Private Schools,The Arnold School of Alabama,Cynthia M Garner,4308 Downtowner Loop N,Mobile,AL,36609-5502,251.343.1700,,12-Jun
Private Schools,The Capitol School,Barbara S Rountree,2828 6th St,Tuscaloosa,AL,35401-1707,205.758.2828,www.thecapitolschool.com,PK-12
Private Schools,The Center For Excellence,,516 Tuskegee St,Talladega,AL,35160,256.268.8037,www.theschool4excellence.org,PK-08
Private Schools,The Donoho School,David John Noone,2501 Henry Rd,Anniston,AL,36207-6399,256.237.5477,,PK-12
Private Schools,The Ellis Academy,Diane Ellis Miles,347 Jade Road,Toney,AL,35773,256.420.8312,www.nonesupplied.com,7-Apr
Private Schools,The Grove School,Amanda Brown Fox,7545 Parkway Drive,Leeds,AL,35094,205.352.0444,www.learningatthegrove.com,OK-08
Private Schools,The Guiding Light Family Care Center,Gwen Boyd,60 Roebuck Drive,Birmingham,AL,0,,,
Private Schools,The Hillsboro School,Meghan Edwards,73 Elvira Road,Helena,AL,35080,205.864.7330,thehillsboroschool.org/,PK-12
Private Schools,The Hillsboro School,Connie Edwards,73 Elvira Road,Helena,AL,35080,205.864.7330,thehillsboroschool.org/,PK-12
Private Schools,The Hillsboro School,Meghan Edwards,73 Elvira Road,Helena,AL,35080,205.864.7330,thehillsboroschool.org/,PK-12
Private Schools,The Hillsboro School,Connie Edwards,73 Elvira Road,Helena,AL,35080,205.864.7330,thehillsboroschool.org/,PK-12
Private Schools,The Kings Ranch Assessment Center School,Leska Meeler,P.o. Box 162,Chelsea,AL,35043,,,
Private Schools,The Lakeside School,,1020 Lake Dr,Eufaula,AL,36027-9502,334.687.5748,www.lakesidechiefs.com,PK-12
Private Schools,The Little Tree Preschool,,421 Opelika Road,Auburn,AL,36830,334.826.1847,www.nonesupplied.com,
Private Schools,The Montessori Learning Center,Brenda Tackett,2334 Pansy St,Huntsville,AL,0,,,
Private Schools,The Montgomery Academy,Connie Faye Johnson,3240 Vaughn Road,Montgomery,AL,36106-2736,334.272.8210,www.montgomeryacademy.org,OK-12
Private Schools,The Montgomery Academy - Lower School,Jodi K. Chesnutt,Lower School,Montgomery,AL,36106-2691,334.272.8210,www.montgomeryacademy.org,OK-04
Private Schools,The Murray School at Wilmer Hall,Margie Sumlin,3811 Old Shell Rd,Mobile,AL,0,,,12-Jun
Private Schools,The Neighborhood School,Carriann Toombs,26481 Kensington Place Suite A,Daphne,AL,36526,251.786.1580,www.nonesupplied.com,
Private Schools,The Net Christian Academy,Joseph L Follette,1593 Hughes Road Suite D-121,Madison,AL,35758,,,
Private Schools,The New School Montgomery,Spencer Hahn,2101 Eastern Blvd. #313,Montgomery,AL,36117,334.310.1558,www.thenewschoolmontgomery.com,6-Jan
Private Schools,The Oaks Classical Cottage School,Zachary Michael Rippy,125 Calhoun Road,Montgomery,AL,36109-    ,334.322.7680,www.theoaksccs.org,OK-12
Private Schools,The Oaks Classical Cottage School,Claire Kennedy,125 Calhoun Road,Montgomery,AL,36109-    ,334.322.7680,www.theoaksccs.org,OK-12
Private Schools,The Oaks Classical Cottage School,Zachary Michael Rippy,125 Calhoun Road,Montgomery,AL,36109-    ,334.322.7680,www.theoaksccs.org,OK-12
Private Schools,The Oaks Classical Cottage School,Claire Kennedy,125 Calhoun Road,Montgomery,AL,36109-    ,334.322.7680,www.theoaksccs.org,OK-12
Private Schools,The Pinnacle Schools,Angie Griffin,29495 Copperhead,Elkmont,AL,35620,256.518.9998,www.thepinnacleschools.com,12-Jun
Private Schools,The Renaissance School of the Eastern Shore,Courtney Klotz,25870 Austin Road Suite 1,Daphne,AL,36526-    ,251.990.0041,www.re.education,OK-12
Private Schools,The Riley Behavioral And Educational Center,Christine Jennings,306 Wynn Drive NW,Huntsville,AL,35805-4319,256.882.2457,www.therileycenter.org,PK-12
Private Schools,The Rock,,6245 Old Rangeline Road,Theodore,AL,36582,251.408.0202,www.nonesupplied.com,
Private Schools,The Sunshine School at Childrens of Alabama,Jennifer Conway,1600 7th Avenue South,Birmingham,AL,35233,205.638.9059,1600 7th Ave South,PK-12
Private Schools,The Village Montessori School,Susan Harper,231 E Drake,Auburn,AL,36830,334.887.7726,,OK-07
Private Schools,The Westminster School at Oak Mountain,Barbara A. Griffith,5080 Cahaba Valley Trace,Birmingham,AL,35242,205.955.9694,www.nonesupplied.com,
Private Schools,Trailblazer Academy-St Marys Home,Norman Carter,4350 Moffett Rd,Mobile,AL,36618,251.344.7733,www.nonesupplied.com,
Private Schools,Trinity Baptist Academy,Curtis Cochran,1701 Childhaven Raod,Cullman,AL,35055,,,
Private Schools,Trinity Christian Academy,Jeff Smith,1500 Airport Rd,Oxford,AL,36203-2553,256.831.3333,,PK-12
Private Schools,Trinity Christian Academy,Zsa Zsa Couch,4201 Nordale Drive,Montgomery,AL,36116,334.409.2800,www.nonesupplied.com,PK-03
Private Schools,Trinity Christian School,Sharon Miller,1010 India Road,Opelika,AL,36801-0311,,,
Private Schools,Trinity Lutheran School,Theron Florence,2668 Berkley Ave,Mobile,AL,36617,251.456.7960,,PK-07
Private Schools,Trinity Presbyterian School,William Doss Shelnutt,1700 E Trinity Blvd,Montgomery,AL,36106,334.213.2100,www.trinitywildcats.com,PK-12
Private Schools,Truett Christian Academy,Gayle C Truett,2037 Edinburg Court,Montgomery,AL,0,,,PK-06
Private Schools,Turning Point,Erin Bradley,318A Hamer Road,Owens Cross Roads,AL,35763-9612,,,12-Jun
Private Schools,Tuscaloosa Academy,Alan Keith Barr,420 Rice Valley Rd N,Tuscaloosa,AL,35406-2722,205.758.4462,tuscaloosaacademy.org,PK-12
Private Schools,Tuscaloosa Christian,Daniel R. Lancaster,1601 Prudes Mill Rd,Cottondale,AL,35453-0103,205.553.4303,tcswarriors.org,PK-12
Private Schools,UAB Engel School,Lee I. Ascherman,"930 20th St. S., Suite 357",Birmingham,AL,35294-2050,205.975.4537,http://www.psychiatry.uab.edu/divisions/childadolescent/engel-therapeutic-preschool/,PK-12
Private Schools,UAB Psychiatric Prog Hosp Sch,Melissa Oliver,1713 6th Avenue S,Birmingham,AL,35294,205.934.4574,,12-May
Private Schools,UMS-Wright Preparatory Sch,Doug Barber,65 N Mobile St,Mobile,AL,36607,251.479.6551,ums-wright.org,PK-12
Private Schools,UMS-Wright Preparatory Sch,Brent Daugherty,65 N Mobile St,Mobile,AL,36607,251.479.6551,ums-wright.org,PK-12
Private Schools,UMS-Wright Preparatory Sch,Wesley Ryan Lathan,65 N Mobile St,Mobile,AL,36607,251.479.6551,ums-wright.org,PK-12
Private Schools,UMS-Wright Preparatory Sch,James Edwin Blackerby,65 N Mobile St,Mobile,AL,36607,251.479.6551,ums-wright.org,PK-12
Private Schools,UMS-Wright Preparatory Sch,Doug Barber,65 N Mobile St,Mobile,AL,36607,251.479.6551,ums-wright.org,PK-12
Private Schools,UMS-Wright Preparatory Sch,Brent Daugherty,65 N Mobile St,Mobile,AL,36607,251.479.6551,ums-wright.org,PK-12
Private Schools,UMS-Wright Preparatory Sch,Wesley Ryan Lathan,65 N Mobile St,Mobile,AL,36607,251.479.6551,ums-wright.org,PK-12
Private Schools,UMS-Wright Preparatory Sch,James Edwin Blackerby,65 N Mobile St,Mobile,AL,36607,251.479.6551,ums-wright.org,PK-12
Private Schools,UMS-Wright Preparatory Sch,Doug Barber,65 N Mobile St,Mobile,AL,36607,251.479.6551,ums-wright.org,PK-12
Private Schools,UMS-Wright Preparatory Sch,Brent Daugherty,65 N Mobile St,Mobile,AL,36607,251.479.6551,ums-wright.org,PK-12
Private Schools,UMS-Wright Preparatory Sch,Wesley Ryan Lathan,65 N Mobile St,Mobile,AL,36607,251.479.6551,ums-wright.org,PK-12
Private Schools,UMS-Wright Preparatory Sch,James Edwin Blackerby,65 N Mobile St,Mobile,AL,36607,251.479.6551,ums-wright.org,PK-12
Private Schools,UMS-Wright Preparatory Sch,Doug Barber,65 N Mobile St,Mobile,AL,36607,251.479.6551,ums-wright.org,PK-12
Private Schools,UMS-Wright Preparatory Sch,Brent Daugherty,65 N Mobile St,Mobile,AL,36607,251.479.6551,ums-wright.org,PK-12
Private Schools,UMS-Wright Preparatory Sch,Wesley Ryan Lathan,65 N Mobile St,Mobile,AL,36607,251.479.6551,ums-wright.org,PK-12
Private Schools,UMS-Wright Preparatory Sch,James Edwin Blackerby,65 N Mobile St,Mobile,AL,36607,251.479.6551,ums-wright.org,PK-12
Private Schools,Under His Wings Cover School,Kristine Dubielak,6535 County Road 51,Fayette,AL,35555,205.270.1449,,
Private Schools,Union Chapel Christian Academy,Jerome H. Roberts,315-B Winchester Rd NE,Huntsville,AL,35811,256.489.4728,www.ucchristianacademy.org,PK-12
Private Schools,Valiant Cross Academy,,301 Dexter Ave,Montgomery,AL,36104,334.657.8429,www.valiantcross.org,PK-06
Private Schools,Valley Fellowship Christian Academy,Patti Simon,3616 Holmes Ave NW,Huntsville,AL,35816-4112,256.533.5248,,
Private Schools,Valley Haven School,Tony Ray Edmondson,P O Box 416,Valley,AL,36854-0416,334.756.2868,,PK-12
Private Schools,Valley View Baptist Education Program,Tonya Henson,7254 President Street,Leeds,AL,35094,,,
Private Schools,Vaughn School The,Debi Nowakowski,1600 7th Ave S Ste 500,Birmingham,AL,0,,,
Private Schools,Veritas Academy,,4011 Lakewood Drive,Phenix City,AL,36867,334.448.0389,,OK-10
Private Schools,Victory Baptist School,Joe Byrd,P O Box 1090,Millbrook,AL,0,,,
Private Schools,Victory Christian Academy,Shirley McKinney,43800 Highway 25,Vincent,AL,0,,,
Private Schools,Victory Christian School,David Weir,154 Victory Dr,Pell City,AL,35125,,,
Private Schools,Victory Christian School,Gayle Griffith,20511 County Rd 12,Foley,AL,0,,,
Private Schools,Victory Christian School,Cathy Tidmore,4204 Highway 29,Oneonta,AL,35125,205.237.5242,,
Private Schools,Vinemont Christian Academy,Kenneth Terry,21325 US Hwy 31 N,Vinemont,AL,0,,,PK-12
Private Schools,Vivian B Adams School,,2047 Stuart Tarter Rd,Ozark,AL,36360,334.774.5132,,PK-12
Private Schools,Von-Lyn School Of West Alabama Inc.,Yvonne Massey,Po Box 20466,Tuscaloosa,AL,0,,,
Private Schools,Wall Highway Baptist Kindergarten,Paula Ortner,6597 Wall Triana Hwy,Madison,AL,35757,,,
Private Schools,Warrior Academy,"John E Santoro, III","P.O. Box 268, 920 Warrior Academy",Eutaw,AL,0,,,PK-12
Private Schools,Webster Christian School,Brooks Mccalley,P O Box 530703,Birmingham,AL,0,,,
Private Schools,Wee Care Academy Inc,Janice Daniels,1813 4th Avenue North,Birmingham,AL,35203,,,
Private Schools,Weekday Enrichment Program,Harriette Woodring,2061 Kentucky Avenue,Birmingham,AL,0,,,PK-PK
Private Schools,Weinacker's Montessori Sch,John Weinacker,227 Hillcrest Road,Mobile,AL,0,,,PK-03
Private Schools,West Alabama Christian School,,1504 Cardinal Street,Demopolis,AL,36732,334.289.0902,www.wacschool.com,PK-07
Private Schools,West Mobile Bapt Christian School And Cdc,Jennifer Feltman,7501 Airport Blvd,Mobile,AL,36608,,,PK-01
Private Schools,West Point Prep School,Tina McMinn,140 County Road 1242,Cullman,AL,0,,,
Private Schools,Westbrook Christian School,Greg Edge,100 Westminster Drive,Rainbow City,AL,35906,256.442.7457,www.westbrookchristian.org,PK-12
Private Schools,Westbrook Christian School,Rachel Neal,100 Westminster Drive,Rainbow City,AL,35906,256.442.7457,www.westbrookchristian.org,PK-12
Private Schools,Westbrook Christian School,Greg Edge,100 Westminster Drive,Rainbow City,AL,35906,256.442.7457,www.westbrookchristian.org,PK-12
Private Schools,Westbrook Christian School,Rachel Neal,100 Westminster Drive,Rainbow City,AL,35906,256.442.7457,www.westbrookchristian.org,PK-12
Private Schools,Westgate Christian School,,617 Westgate Pkwy,Dothan,AL,36303,334.793.3399,www.westgatechristian.com,
Private Schools,Westminster Christian Academy,Rick Bartley,237 Johns Rd NW,Huntsville,AL,35806-1517,256.705.8000,http://www.wca-hsv.org/,OK-12
Private Schools,Whitesburg Baptist Weekday,Cindy Abercrombie,6806 Whitesburg Dr,Huntsville,AL,0,,,
Private Schools,Whitesburg Christian Academy,Tracey Elaine Thoenes,7290 Whitesburg Dr SE,Huntsville,AL,35802-2250,256.704.5678,http://www.theacademyhsv.org/,OK-12
Private Schools,Wilcox Academy,Chris S Burford,1 Earl Street,Camden,AL,36726,334.682.9619,www.wilcoxacademy.com,PK-12
Private Schools,Williams Academy,Chriscille Cheri Williams,1260 Dauphin Street ,Mobile,AL,36608-    ,850.483.9348,Www.WilliamsAcademyofmobileal@gmail.com ,PK-03
Private Schools,Winewood Christian School Inc,John H Davis,2974 Winewood Road,Birmingham,Al,35215,205.835.9906,winewoodschools.org,PK-12
Private Schools,Wiregrass Christian Academy,Joan B. Howell,209 W College St,Enterprise,AL,0,334.939.8972,wiregrasschristianacademy.org,PK-06
Private Schools,Woodlands Early Childhood Enrichment Center,Dana Wiggins,8491 Foshee Road,Monroeville,AL,36430,,,
Private Schools,Word Of Life Institute Christian School,,351 South Craft Highway,Chickasaw,AL,0,,,OK-12
Private Schools,Workshops Inc,James E Crim,4244 Third Ave South,Birmingham,AL,0,,,
Private Schools,WSI Learning Center,Barbara Ellis-Woroch,6125 University Dr. Suite B22,Huntsville,AL,35806-    ,850.866.0441,www.autismwsi.com,PK-12
Troy Support Center,Troy Support Center,,1101 S. Brundidge St.,Troy,AL,36082,,Not Supplied,
Troy Support Center,Home School,,1101 S. Brundidge St.,Troy,AL,36082,,www.nonesupplied.com,
Troy Support Center,Troy Support Center,,1101 S. Brundidge St.,Troy,AL,36082,,Not Supplied,
